P,tau2,mu,s2_ce,var_ce,se_ce,ef_ce,s2_eis,var_eis,se_eis,ef_eis,var_ratio,se_var_ratio
Normal,1.0,0.0,1.000049,0.49714538,6.987735e-07,100.000015,0.9999948,1.3581147e-08,1.923927e-14,99.999985,2.731826e-08,5.580528e-10
Normal,1.0,0.02,1.00045,0.4969936,6.982477e-07,99.961044,1.0007981,0.0010125967,1.376872e-09,99.961075,0.0020374442,3.9894938e-05
Normal,1.0,0.04,1.0016509,0.49605444,6.9658137e-07,99.84458,1.0032021,0.004006345,5.4454086e-09,99.8447,0.008076422,0.00015815653
Normal,1.0,0.06,1.0036519,0.49433115,6.9378353e-07,99.651596,1.007207,0.008853688,1.2025603e-08,99.65222,0.01791044,0.00035074507
Normal,1.0,0.08,1.0064529,0.49183062,6.898685e-07,99.38385,1.0128126,0.015352517,2.0843633e-08,99.38569,0.03121505,0.0006113178
Normal,1.0,0.099999994,1.0100538,0.48856387,6.848586e-07,99.04368,1.0200192,0.023241013,3.154635e-08,99.04794,0.04757006,0.0009316149
Normal,1.0,0.12,1.0144547,0.4845454,6.787793e-07,98.63405,1.0288264,0.03221212,4.3722622e-08,98.64237,0.06647905,0.0013019899
Normal,1.0,0.14,1.0196556,0.47979426,6.7166434e-07,98.15835,1.0392343,0.041933253,5.692984e-08,98.17278,0.0873984,0.0017117762
Normal,1.0,0.16,1.0256567,0.47433242,6.6355045e-07,97.62051,1.0512433,0.05206765,7.07159e-08,97.643486,0.10977038,0.002149934
Normal,1.0,0.17999999,1.0324576,0.46818614,6.544804e-07,97.024574,1.0648532,0.06228747,8.465198e-08,97.05875,0.13303997,0.0026057668
Normal,1.0,0.19999999,1.0400586,0.46138513,6.445009e-07,96.37506,1.0800642,0.0722927,9.833234e-08,96.42311,0.15668623,0.0030688103
Normal,1.0,0.22,1.0484595,0.45396268,6.3366525e-07,95.67655,1.0968759,0.08182353,1.1141271e-07,95.74104,0.18024285,0.00352985
Normal,1.0,0.24,1.0576606,0.44595554,6.220275e-07,94.933685,1.115289,0.090668544,1.2361627e-07,95.016945,0.20331296,0.0039810184
Normal,1.0,0.26,1.0676615,0.43740317,6.0964953e-07,94.15112,1.1353029,0.098666124,1.3470786e-07,94.2551,0.2255725,0.0044156485
Normal,1.0,0.28,1.0784624,0.42834783,5.965923e-07,93.33345,1.1569183,0.105709836,1.4454228e-07,93.459526,0.24678504,0.0048287427
Normal,1.0,0.29999998,1.0900633,0.41883424,5.8292164e-07,92.48504,1.1801351,0.11174492,1.5305555e-07,92.634094,0.26679987,0.005217203
Normal,1.0,0.32,1.1024643,0.4089088,5.687047e-07,91.61031,1.2049533,0.11676015,1.6019655e-07,91.78237,0.2855408,0.005578863
Normal,1.0,0.34,1.1156652,0.39861947,5.540105e-07,90.71319,1.2313731,0.12078259,1.6600498e-07,90.90779,0.30300224,0.0059133614
Normal,1.0,0.35999998,1.1296662,0.38801515,5.3890784e-07,89.79758,1.2593946,0.12387913,1.70554e-07,90.01344,0.31926364,0.006221699
Normal,1.0,0.38,1.1444671,0.37714523,5.2346707e-07,88.867035,1.2890178,0.12612738,1.7393774e-07,89.10221,0.33442655,0.0065053967
Normal,1.0,0.39999998,1.1600679,0.3660589,5.07756e-07,87.924866,1.3202434,0.12763304,1.7627784e-07,88.17685,0.34866804,0.0067671183
Normal,1.0,0.42,1.1764691,0.3548049,4.918434e-07,86.974045,1.3530705,0.12850377,1.7772248e-07,87.23972,0.36218148,0.0070102573
Normal,1.0,0.44,1.19367,0.3434312,4.7579425e-07,86.01737,1.3875,0.12885164,1.7840729e-07,86.293144,0.37518907,0.0072385473
Normal,1.0,0.45999998,1.2116709,0.3319842,4.5967286e-07,85.057335,1.4235322,0.1287871,1.784778e-07,85.3392,0.38793144,0.0074561494
Normal,1.0,0.48,1.230472,0.32050812,4.4353936e-07,84.09612,1.4611667,0.1284112,1.7806856e-07,84.37975,0.40064883,0.0076671788
Normal,1.0,0.5,1.250073,0.30904567,4.274513e-07,83.13582,1.5004041,0.12782235,1.7730945e-07,83.41658,0.41360345,0.00787618
Normal,1.0,0.52,1.2704737,0.29763678,4.114641e-07,82.17813,1.5412445,0.12710162,1.7631777e-07,82.45128,0.427036,0.008087531
Normal,1.0,0.53999996,1.2916749,0.28631875,3.956267e-07,81.22471,1.5836875,0.12631759,1.751913e-07,81.48529,0.4411782,0.008305279
Normal,1.0,0.56,1.3136759,0.27512595,3.7998515e-07,80.27683,1.6277343,0.12553066,1.7402229e-07,80.52,0.45626616,0.008533533
Normal,1.0,0.58,1.3364767,0.2640898,3.645818e-07,79.335785,1.6733845,0.12478636,1.7287257e-07,79.55664,0.4725149,0.008776204
Normal,1.0,0.59999996,1.3600776,0.25323892,3.494548e-07,78.402565,1.720638,0.12412145,1.7181222e-07,78.59636,0.49013576,0.009037266
Normal,1.0,0.62,1.3844787,0.2425983,3.3463687e-07,77.47809,1.7694964,0.12356121,1.7087767e-07,77.640205,0.5093243,0.009319986
Normal,1.0,0.64,1.4096794,0.23219034,3.2015743e-07,76.563126,1.819958,0.123119354,1.7010127e-07,76.68913,0.53025186,0.009627775
Normal,1.0,0.65999997,1.4356804,0.22203422,3.0604184e-07,75.65831,1.8720244,0.12280639,1.6949889e-07,75.74405,0.5530967,0.009963462
Normal,1.0,0.68,1.4624815,0.21214607,2.923106e-07,74.764175,1.9256954,0.12262301,1.6908783e-07,74.805756,0.57801217,0.010330297
Normal,1.0,0.7,1.4900823,0.20253949,2.7898125e-07,73.8812,1.9809715,0.12256554,1.6886288e-07,73.87501,0.6051439,0.010730672
Normal,1.0,0.71999997,1.5184833,0.19322507,2.6606733e-07,73.009766,2.0378523,0.12262713,1.6881678e-07,72.9525,0.63463366,0.01116702
Normal,1.0,0.74,1.5476842,0.18421125,2.5357878e-07,72.15008,2.0963383,0.12279838,1.6894185e-07,72.03883,0.66661716,0.011641724
Normal,1.0,0.76,1.5776852,0.1755038,2.4152297e-07,71.30242,2.1564295,0.12306487,1.6922792e-07,71.13454,0.7012091,0.012157322
Normal,1.0,0.78,1.6084859,0.1671065,2.2990385e-07,70.46694,2.2181275,0.12341315,1.6964186e-07,70.24019,0.73853,0.012714958
Normal,1.0,0.79999995,1.640087,0.15902124,2.1872313e-07,69.64375,2.281431,0.12382772,1.7016976e-07,69.35617,0.77868664,0.0133173745
Normal,1.0,0.82,1.6724882,0.151248,2.0797951e-07,68.832924,2.3463414,0.12429543,1.707895e-07,68.48293,0.82179886,0.013965606
Normal,1.0,0.84,1.7056891,0.14378504,1.976702e-07,68.034454,2.4128585,0.1248001,1.714798e-07,67.62081,0.867963,0.014661825
Normal,1.0,0.85999995,1.73969,0.13662955,1.8779058e-07,67.24839,2.4809828,0.12532873,1.722151e-07,66.7701,0.91728866,0.015407368
Normal,1.0,0.88,1.774491,0.12977716,1.7833366e-07,66.47461,2.5507147,0.12586752,1.7298397e-07,65.93105,0.96987414,0.016203985
Normal,1.0,0.9,1.8100917,0.12322268,1.6929171e-07,65.71316,2.6220546,0.12640585,1.7375633e-07,65.1039,1.0258327,0.017053077
Normal,1.0,0.91999996,1.8464925,0.11695976,1.6065543e-07,64.96384,2.6950023,0.12693375,1.7452811e-07,64.28882,1.0852772,0.017956894
Normal,1.0,0.94,1.883694,0.110981464,1.5241488e-07,64.2266,2.7695587,0.12743574,1.7526781e-07,63.48594,1.1482615,0.018915681
Normal,1.0,0.96,1.9216949,0.10528021,1.4455901e-07,63.501316,2.845724,0.12790805,1.7597493e-07,62.695396,1.2149296,0.019931516
Normal,1.0,0.97999996,1.9604957,0.09984775,1.3707613e-07,62.787872,2.9234984,0.12834299,1.7662676e-07,61.917233,1.2853869,0.021006081
Normal,1.0,1.0,2.0000966,0.09467561,1.2995412e-07,62.08607,3.002883,0.12873287,1.7721968e-07,61.151485,1.3597258,0.022140818
Normal,1.0,1.02,2.0404978,0.089754984,1.2318056e-07,61.395813,3.083877,0.12907206,1.777452e-07,60.39819,1.4380488,0.02333694
Normal,1.0,1.04,2.0816984,0.08507682,1.1674255e-07,60.716915,3.1664813,0.129359,1.7820118e-07,59.65732,1.5204966,0.024597194
Normal,1.0,1.06,2.1236997,0.08063196,1.10627255e-07,60.049206,3.250697,0.12958786,1.785717e-07,58.92883,1.6071526,0.02592146
Normal,1.0,1.0799999,2.1665003,0.07641124,1.0482205e-07,59.3925,3.3365226,0.12975611,1.7885324e-07,58.212685,1.6981286,0.02731204
Normal,1.0,1.1,2.2101016,0.07240548,9.931369e-08,58.746685,3.4239612,0.12986429,1.7905347e-07,57.50882,1.7935699,0.028771235
Normal,1.0,1.12,2.2545025,0.068605565,9.408965e-08,58.111526,3.5130107,0.12990952,1.7916382e-07,56.817074,1.8935711,0.03030059
Normal,1.0,1.14,2.2997031,0.065002516,8.9137366e-08,57.486855,3.6036737,0.12989207,1.7918413e-07,56.13742,1.9982622,0.031901643
Normal,1.0,1.16,2.3457038,0.061587512,8.444451e-08,56.872524,3.6959488,0.12981297,1.7911569e-07,55.469673,2.1077807,0.033575725
Normal,1.0,1.18,2.392505,0.058351845,7.9999054e-08,56.268353,3.7898374,0.1296723,1.7896151e-07,54.813755,2.2222486,0.03532594
Normal,1.0,1.1999999,2.440106,0.05528711,7.578922e-08,55.67414,3.885339,0.12946998,1.7871479e-07,54.16947,2.341775,0.037152767
Normal,1.0,1.22,2.4885073,0.052385103,7.18037e-08,55.089718,3.982455,0.12920843,1.7838389e-07,53.536682,2.466511,0.03905818
Normal,1.0,1.24,2.537708,0.049637932,6.803148e-08,54.514946,4.081185,0.12888892,1.7797275e-07,52.915245,2.5965812,0.041045915
Normal,1.0,1.26,2.5877092,0.047037855,6.446177e-08,53.94962,4.181531,0.12851416,1.7747571e-07,52.304977,2.7321432,0.043116037
Normal,1.0,1.28,2.63851,0.044577505,6.10845e-08,53.393578,4.283492,0.12808621,1.7690613e-07,51.70568,2.8733373,0.045271643
Normal,1.0,1.3,2.6901112,0.04224975,5.788971e-08,52.846657,4.3870697,0.12760657,1.7626493e-07,51.11723,3.0202918,0.047514748
Normal,1.0,1.3199999,2.7425117,0.0400477,5.4867858e-08,52.30871,4.4922643,0.12707801,1.7555114e-07,50.53939,3.1731663,0.049847625
Normal,1.0,1.3399999,2.7957127,0.03796488,5.201013e-08,51.779533,4.5990753,0.12650393,1.7477063e-07,49.97203,3.3321304,0.052272297
Normal,1.0,1.36,2.849714,0.035994932,4.930753e-08,51.25901,4.707505,0.12588547,1.7392928e-07,49.414936,3.497311,0.054791305
Normal,1.0,1.38,2.904515,0.03413191,4.6752007e-08,50.746952,4.8175526,0.12522474,1.7302597e-07,48.867943,3.6688464,0.057405878
Normal,1.0,1.4,2.9601157,0.032370083,4.4335547e-08,50.24322,4.9292192,0.12452659,1.7206655e-07,48.33084,3.8469653,0.06011982
Normal,1.0,1.42,3.0165167,0.030704,4.2050736e-08,49.747677,5.042505,0.12379093,1.7105585e-07,47.803455,4.0317526,0.062934905
Normal,1.0,1.4399999,3.0737176,0.029128456,3.9890306e-08,49.260147,5.1574097,0.123021394,1.6999897e-07,47.285603,4.223409,0.06585376
Normal,1.0,1.4599999,3.1317184,0.027638532,3.78475e-08,48.780483,5.273936,0.12222083,1.6889284e-07,46.777092,4.422117,0.06887766
Normal,1.0,1.48,3.1905193,0.02622952,3.5915832e-08,48.308556,5.3920827,0.12139054,1.6774698e-07,46.27775,4.628012,0.07201009
Normal,1.0,1.5,3.2501202,0.024896976,3.4089187e-08,47.844234,5.5118504,0.12053366,1.6656232e-07,45.787388,4.841297,0.07525485
Normal,1.0,1.52,3.3105214,0.02363669,3.2361747e-08,47.38736,5.6332426,0.119652435,1.6534318e-07,45.305836,5.0621486,0.07861316
Normal,1.0,1.54,3.3717222,0.022444656,3.0728028e-08,46.937798,5.756255,0.118747756,1.6409184e-07,44.832916,5.290692,0.082086965
Normal,1.0,1.56,3.433723,0.021317074,2.9182756e-08,46.49542,5.880891,0.11782339,1.6280991e-07,44.36844,5.527184,0.08568096
Normal,1.0,1.5799999,3.4965239,0.020250365,2.7721025e-08,46.060097,6.007152,0.11688025,1.6150454e-07,43.912262,5.7717605,0.08939563
Normal,1.0,1.5999999,3.5601246,0.019241128,2.6338213e-08,45.631695,6.135038,0.11592043,1.6017042e-07,43.46417,6.024617,0.0932342
Normal,1.0,1.62,3.6245258,0.018286169,2.5029864e-08,45.210083,6.2645493,0.11494627,1.5882112e-07,43.024033,6.285968,0.09720176
Normal,1.0,1.64,3.6897273,0.017382449,2.3791788e-08,44.795124,6.3956833,0.11395909,1.5744831e-07,42.591686,6.555986,0.101298235
Normal,1.0,1.66,3.755728,0.01652709,2.2620034e-08,44.38673,6.5284452,0.112960376,1.5606624e-07,42.166943,6.8348618,0.105530776
Normal,1.0,1.68,3.8225288,0.015717408,2.1510973e-08,43.98474,6.662833,0.11195111,1.5466381e-07,41.74966,7.1227465,0.1098966
Normal,1.0,1.6999999,3.89013,0.014950835,2.0461002e-08,43.58908,6.7988515,0.1109349,1.5325206e-07,41.3397,7.41998,0.1144025
Normal,1.0,1.7199999,3.9585304,0.01422496,1.9466844e-08,43.19958,6.936496,0.10990974,1.5183092e-07,40.936863,7.7265415,0.11904868
Normal,1.0,1.74,4.0277314,0.013537508,1.8525382e-08,42.816162,7.075771,0.108879864,1.5040006e-07,40.541027,8.042829,0.12384201
Normal,1.0,1.76,4.0977325,0.012886336,1.7633639e-08,42.43871,7.2166758,0.10784588,1.4896267e-07,40.15205,8.36901,0.12878165
Normal,1.0,1.78,4.1685333,0.01226942,1.6788878e-08,42.067104,7.35921,0.10680911,1.4752099e-07,39.769764,8.705311,0.13387299
Normal,1.0,1.8,4.2401342,0.011684846,1.598844e-08,41.70124,7.5033765,0.10576984,1.4608128e-07,39.394043,9.051882,0.13912301
Normal,1.0,1.8199999,4.312535,0.011130813,1.5229853e-08,41.341,7.6491756,0.10472837,1.4463312e-07,39.02473,9.40887,0.144525
Normal,1.0,1.8399999,4.385736,0.010605627,1.4510818e-08,40.98628,7.7966075,0.10368807,1.4318852e-07,38.66171,9.776704,0.1500902
Normal,1.0,1.86,4.4597373,0.010107682,1.38291085e-08,40.636997,7.9456725,0.10264808,1.4174269e-07,38.30483,10.155452,0.1558198
Normal,1.0,1.88,4.5345383,0.009635474,1.3182666e-08,40.293037,8.096373,0.10160955,1.4030195e-07,37.95397,10.5453615,0.16171685
Normal,1.0,1.9,4.61014,0.009187577,1.2569528e-08,39.954285,8.248706,0.10057248,1.3885953e-07,37.609,10.946572,0.16778372
Normal,1.0,1.92,4.6865406,0.008762655,1.1987868e-08,39.620655,8.402677,0.09953961,1.3742552e-07,37.26979,11.359527,0.1740239
Normal,1.0,1.9399999,4.7637415,0.008359435,1.1435937e-08,39.292057,8.558283,0.09851026,1.3599693e-07,36.936203,11.78432,0.18044429
Normal,1.0,1.9599999,4.841741,0.007976739,1.0912129e-08,38.968376,8.715528,0.09748561,1.345742e-07,36.60813,12.221236,0.18704769
Normal,1.0,1.9799999,4.9205422,0.0076134326,1.0414881e-08,38.64955,8.874408,0.09646498,1.3315628e-07,36.285465,12.670366,0.19383028
Normal,1.0,2.0,5.0001445,0.0072684595,9.942742e-09,38.33547,9.034931,0.095450014,1.3174606e-07,35.96808,13.132083,0.20080441
GMM_location_0.10,1.1,0.0,1.0999049,0.07052749,1.0254673e-07,51.885998,2.0746646,4.823924,7.075385e-06,48.076797,68.39779,1.0741043
GMM_location_0.10,1.1,0.02,1.1003025,0.07067819,1.0252714e-07,51.86616,2.0833862,4.7934055,7.0479127e-06,48.06288,67.82015,1.0680044
GMM_location_0.10,1.1,0.04,1.1014999,0.07122143,1.03012944e-07,51.810883,2.1095562,4.698567,6.9252824e-06,47.945656,65.97125,1.0452698
GMM_location_0.10,1.1,0.06,1.1034974,0.072145425,1.0398236e-07,51.72119,2.1531835,4.5456514,6.7157866e-06,47.726135,63.006786,1.0072528
GMM_location_0.10,1.1,0.08,1.1062951,0.07343055,1.0540553e-07,51.59842,2.2142594,4.344192,6.4330907e-06,47.405754,59.160553,0.95631164
GMM_location_0.10,1.1,0.099999994,1.1098925,0.075050056,1.07247146e-07,51.44402,2.292799,4.1057773,6.093622e-06,46.98595,54.707184,0.8954609
GMM_location_0.10,1.1,0.12,1.11429,0.07697071,1.0946521e-07,51.259525,2.3888056,3.8424726,5.7150924e-06,46.468193,49.92123,0.8280421
GMM_location_0.10,1.1,0.14,1.1194875,0.0791536,1.1201362e-07,51.046574,2.502327,3.5658207,5.3143935e-06,45.854836,45.04938,0.7573789
GMM_location_0.10,1.1,0.16,1.1254851,0.08155543,1.1484172e-07,50.806843,2.6333363,3.2860348,4.9067016e-06,45.151417,40.29204,0.6864155
GMM_location_0.10,1.1,0.17999999,1.1322825,0.084129445,1.17895155e-07,50.542004,2.78188,3.0112636,4.504172e-06,44.367294,35.793217,0.6175428
GMM_location_0.10,1.1,0.19999999,1.1398801,0.0868267,1.2111683e-07,50.25371,2.9479733,2.7476854,4.1162893e-06,43.516468,31.645628,0.5525111
GMM_location_0.10,1.1,0.22,1.1482778,0.08959719,1.2444774e-07,49.943657,3.1316426,2.499476,3.7494797e-06,42.615746,27.896812,0.49245206
GMM_location_0.10,1.1,0.24,1.1574751,0.092391066,1.2782817e-07,49.613346,3.3329186,2.2691243,3.407791e-06,41.68218,24.559996,0.4379363
GMM_location_0.10,1.1,0.26,1.1674725,0.09515969,1.3119856e-07,49.264263,3.5518246,2.0577419,3.0931599e-06,40.730907,21.624092,0.3891189
GMM_location_0.10,1.1,0.28,1.1782702,0.09785644,1.3450074e-07,48.897846,3.7883952,1.8655121,2.806162e-06,39.77409,19.063765,0.34587353
GMM_location_0.10,1.1,0.29999998,1.1898676,0.10043801,1.3767973e-07,48.515354,4.042673,1.6917863,2.5460151e-06,38.82135,16.844084,0.30785117
GMM_location_0.10,1.1,0.32,1.2022651,0.10286474,1.4068391e-07,48.11804,4.314687,1.5355558,2.311449e-06,37.88056,14.927912,0.2746154
GMM_location_0.10,1.1,0.34,1.2154627,0.10510119,1.4346585e-07,47.706997,4.604494,1.3955414,2.1008218e-06,36.958267,13.278074,0.24568482
GMM_location_0.10,1.1,0.35999998,1.2294604,0.10711683,1.4598459e-07,47.28337,4.9121213,1.2703062,1.9119543e-06,36.059578,11.859072,0.22054686
GMM_location_0.10,1.1,0.38,1.2442577,0.10888608,1.4820421e-07,46.84822,5.237627,1.1584288,1.7429667e-06,35.18747,10.6389065,0.19874452
GMM_location_0.10,1.1,0.39999998,1.2598552,0.11038848,1.500952e-07,46.40266,5.5810657,1.0585241,1.5918245e-06,34.342564,9.589082,0.1798391
GMM_location_0.10,1.1,0.42,1.2762527,0.11160885,1.5163478e-07,45.947826,5.9424787,0.9692845,1.4566632e-06,33.52325,8.684656,0.16343823
GMM_location_0.10,1.1,0.44,1.2934502,0.112536885,1.528065e-07,45.484936,6.321937,0.8895149,1.3357023e-06,32.726337,7.9042077,0.14919579
GMM_location_0.10,1.1,0.45999998,1.3114479,0.11316701,1.5359983e-07,45.0153,6.719488,0.8181242,1.2273354e-06,31.94808,7.229352,0.13681138
GMM_location_0.10,1.1,0.48,1.3302451,0.11349819,1.5401034e-07,44.540302,7.135211,0.7541457,1.1301818e-06,31.184998,6.6445613,0.12602833
GMM_location_0.10,1.1,0.5,1.3498428,0.11353346,1.5403938e-07,44.06145,7.5691514,0.6967163,1.0429302e-06,30.434673,6.1366606,0.11662221
GMM_location_0.10,1.1,0.52,1.3702403,0.113279514,1.5369314e-07,43.580265,8.021399,0.6450675,9.644432e-07,29.695892,5.694476,0.10839966
GMM_location_0.10,1.1,0.53999996,1.3914379,0.112746164,1.5298198e-07,43.09834,8.492016,0.59852463,8.937153e-07,28.968775,5.308603,0.10119964
GMM_location_0.10,1.1,0.56,1.4134353,0.11194591,1.5192057e-07,42.617245,8.981096,0.55650467,8.298643e-07,28.254467,4.9711924,0.094884194
GMM_location_0.10,1.1,0.58,1.4362329,0.11089367,1.5052642e-07,42.138527,9.488696,0.5184847,7.7210666e-07,27.554813,4.6755123,0.089333974
GMM_location_0.10,1.1,0.59999996,1.4598303,0.10960594,1.4881986e-07,41.663616,10.014936,0.4840134,7.1977047e-07,26.871868,4.415941,0.0844499
GMM_location_0.10,1.1,0.62,1.4842279,0.10810068,1.4682327e-07,41.193817,10.559869,0.4526877,6.7221373e-07,26.20765,4.187649,0.08014301
GMM_location_0.10,1.1,0.64,1.5094254,0.10639676,1.4456062e-07,40.730267,11.123627,0.4241658,6.2894793e-07,25.563696,3.9866421,0.0763434
GMM_location_0.10,1.1,0.65999997,1.5354228,0.10451357,1.420566e-07,40.273903,11.706276,0.3981434,5.895103e-07,24.94111,3.80949,0.072989434
GMM_location_0.10,1.1,0.68,1.5622207,0.10247086,1.3933678e-07,39.825462,12.30795,0.37434846,5.534637e-07,24.340366,3.6532187,0.07002432
GMM_location_0.10,1.1,0.7,1.5898181,0.10028806,1.364264e-07,39.385426,12.928721,0.35254848,5.204806e-07,23.761442,3.5153584,0.06740482
GMM_location_0.10,1.1,0.71999997,1.6182156,0.097984515,1.333508e-07,38.954075,13.568745,0.3325377,4.9023413e-07,23.20388,3.393778,0.06509191
GMM_location_0.10,1.1,0.74,1.6474133,0.09557882,1.301343e-07,38.5315,14.228103,0.31413242,4.6243306e-07,22.666965,3.286632,0.06304999
GMM_location_0.10,1.1,0.76,1.6774105,0.093089014,1.2680118e-07,38.117588,14.906951,0.29717487,4.3684773e-07,22.149763,3.1923733,0.06125121
GMM_location_0.10,1.1,0.78,1.708208,0.0905321,1.233738e-07,37.71206,15.605378,0.28151813,4.1325652e-07,21.651316,3.1095946,0.059669968
GMM_location_0.10,1.1,0.79999995,1.7398056,0.087924235,1.1987385e-07,37.31452,16.323582,0.26704258,3.9146366e-07,21.170607,3.0371897,0.058284454
GMM_location_0.10,1.1,0.82,1.7722033,0.08528046,1.1632169e-07,36.92449,17.061634,0.25363207,3.713024e-07,20.70671,2.9740934,0.05707625
GMM_location_0.10,1.1,0.84,1.8054005,0.08261473,1.1273574e-07,36.541412,17.819723,0.24118677,3.5261564e-07,20.258747,2.9194162,0.05602764
GMM_location_0.10,1.1,0.85999995,1.839398,0.07993984,1.0913365e-07,36.164726,18.597986,0.22961964,3.3526132e-07,19.825943,2.8724055,0.055124518
GMM_location_0.10,1.1,0.88,1.8741957,0.07726746,1.05531285e-07,35.793873,19.396643,0.21885695,3.1913765e-07,19.407528,2.8324594,0.054355826
GMM_location_0.10,1.1,0.9,1.9097931,0.07460817,1.0194288e-07,35.428337,20.215792,0.20882009,3.0412227e-07,19.002924,2.7988904,0.053708885
GMM_location_0.10,1.1,0.91999996,1.9461906,0.07197133,9.838142e-08,35.067627,21.055647,0.19945212,2.9011727e-07,18.611542,2.771272,0.05317426
GMM_location_0.10,1.1,0.94,1.9833882,0.06936538,9.4858464e-08,34.71139,21.916403,0.19069241,2.7704726e-07,18.232859,2.7491004,0.052745245
GMM_location_0.10,1.1,0.96,2.0213854,0.066797644,9.138409e-08,34.359306,22.798294,0.1824919,2.6482348e-07,17.866415,2.732011,0.052412793
GMM_location_0.10,1.1,0.97999996,2.0601833,0.064274535,8.796725e-08,34.011173,23.701403,0.17480388,2.5337513e-07,17.511835,2.7196445,0.052169435
GMM_location_0.10,1.1,1.0,2.0997808,0.06180149,8.461553e-08,33.666866,24.626118,0.16758926,2.4264773e-07,17.168707,2.711735,0.05201214
GMM_location_0.10,1.1,1.02,2.1401782,0.059383195,8.133544e-08,33.326363,25.57259,0.16080996,2.3257641e-07,16.836716,2.7080045,0.051934607
GMM_location_0.10,1.1,1.04,2.1813757,0.057023413,7.813237e-08,32.9897,26.541094,0.1544298,2.2311744e-07,16.515575,2.708182,0.05193228
GMM_location_0.10,1.1,1.06,2.2233732,0.054725315,7.5010774e-08,32.65699,27.531803,0.14842057,2.1420486e-07,16.205029,2.7121007,0.051999766
GMM_location_0.10,1.1,1.0799999,2.2661707,0.052491345,7.1974206e-08,32.328415,28.545113,0.14275308,2.0582357e-07,15.904789,2.7195547,0.052136928
GMM_location_0.10,1.1,1.1,2.3097684,0.05032334,6.902542e-08,32.004128,29.581297,0.1374032,1.9791602e-07,15.614629,2.730407,0.05233856
GMM_location_0.10,1.1,1.12,2.354166,0.04822266,6.616631e-08,31.684399,30.640587,0.13234779,1.9045412e-07,15.334312,2.7445145,0.052602228
GMM_location_0.10,1.1,1.14,2.3993633,0.0461901,6.339829e-08,31.36943,31.72352,0.12756622,1.8340099e-07,15.063532,2.7617652,0.052925907
GMM_location_0.10,1.1,1.16,2.445361,0.04422609,6.0722e-08,31.059462,32.83031,0.123037845,1.7672987e-07,14.802056,2.7820194,0.053306654
GMM_location_0.10,1.1,1.18,2.4921582,0.042330623,5.813774e-08,30.754694,33.961388,0.11874621,1.704158e-07,14.549568,2.8052082,0.053744547
GMM_location_0.10,1.1,1.1999999,2.5397556,0.040503364,5.564507e-08,30.45533,35.1171,0.11467468,1.6443099e-07,14.305757,2.8312385,0.054235812
GMM_location_0.10,1.1,1.22,2.5881534,0.03874372,5.32434e-08,30.161507,36.29818,0.11080896,1.5875727e-07,14.0702095,2.8600497,0.05478114
GMM_location_0.10,1.1,1.24,2.6373508,0.03705086,5.0931707e-08,29.873362,37.505,0.107136,1.5336386e-07,13.842565,2.891593,0.055377237
GMM_location_0.10,1.1,1.26,2.6873486,0.035423666,4.870864e-08,29.590984,38.7383,0.10364212,1.4824957e-07,13.622382,2.9257874,0.05602573
GMM_location_0.10,1.1,1.28,2.7381458,0.033860903,4.6572566e-08,29.314402,39.998875,0.10031734,1.4338096e-07,13.409201,2.9626303,0.056724165
GMM_location_0.10,1.1,1.3,2.7897432,0.03236115,4.452171e-08,29.043657,41.287384,0.09714847,1.3874771e-07,13.202578,3.0020092,0.057471257
GMM_location_0.10,1.1,1.3199999,2.8421407,0.030922875,4.2554067e-08,28.778706,42.605453,0.09412846,1.3433643e-07,13.00195,3.043975,0.05826709
GMM_location_0.10,1.1,1.3399999,2.8953383,0.029544475,4.066754e-08,28.519484,43.954266,0.09124669,1.3013208e-07,12.806823,3.0884519,0.05911192
GMM_location_0.10,1.1,1.36,2.9493363,0.028224198,3.8859834e-08,28.265926,45.336723,0.08849611,1.2612227e-07,12.616544,3.1354694,0.06000489
GMM_location_0.10,1.1,1.38,3.0041332,0.026960315,3.7128654e-08,28.017912,46.757416,0.08586747,1.2229142e-07,12.430302,3.184958,0.060944792
GMM_location_0.10,1.1,1.4,3.0597312,0.025751011,3.5471615e-08,27.77531,48.226944,0.083354935,1.18635654e-07,12.24674,3.2369578,0.061933223
GMM_location_0.10,1.1,1.42,3.1161287,0.024594458,3.388625e-08,27.537977,49.77825,0.08095149,1.1514171e-07,12.06234,3.2914524,0.06296922
GMM_location_0.10,1.1,1.4399999,3.173326,0.023488801,3.2370128e-08,27.305735,51.6445,0.078649804,1.1179936e-07,11.854069,3.3483958,0.06405215
GMM_location_0.10,1.1,1.4599999,3.2313232,0.02243222,3.0920802e-08,27.078423,51.435604,0.07644559,1.0859976e-07,11.860345,3.4078476,0.06518248
GMM_location_0.10,1.1,1.48,3.2901213,0.021422861,2.9535787e-08,26.85586,53.83696,0.07433296,1.05536074e-07,11.609785,3.4697962,0.06636058
GMM_location_0.10,1.1,1.5,3.3497186,0.020458939,2.82127e-08,26.63785,55.56536,0.07230667,1.0259989e-07,11.434828,3.5342338,0.067585856
GMM_location_0.10,1.1,1.52,3.410116,0.019538634,2.694906e-08,26.424217,57.265087,0.07036328,9.978461e-08,11.269478,3.6012387,0.06886012
GMM_location_0.10,1.1,1.54,3.471314,0.018660218,2.574261e-08,26.214773,58.990204,0.06849623,9.708321e-08,11.108393,3.670709,0.07018151
GMM_location_0.10,1.1,1.56,3.533311,0.017821955,2.4590928e-08,26.009321,60.760323,0.06670288,9.449137e-08,10.94983,3.7427366,0.07155283
GMM_location_0.10,1.1,1.5799999,3.5961084,0.017022168,2.3491829e-08,25.80769,62.59101,0.06497933,9.2000924e-08,10.792669,3.8173356,0.07297183
GMM_location_0.10,1.1,1.5999999,3.6597059,0.016259223,2.244306e-08,25.609715,64.50569,0.063322775,8.961008e-08,10.635448,3.8945756,0.07444216
GMM_location_0.10,1.1,1.62,3.7241035,0.015531541,2.1442471e-08,25.415213,66.54685,0.06172786,8.731009e-08,10.475699,3.9743552,0.07596089
GMM_location_0.10,1.1,1.64,3.7893012,0.014837569,2.0488013e-08,25.224033,68.85107,0.06019309,8.5098456e-08,10.305451,4.0568027,0.0775307
GMM_location_0.10,1.1,1.66,3.8552988,0.014175818,1.957762e-08,25.036018,73.146416,0.058715045,8.2969095e-08,10.0240135,4.141916,0.07915012
GMM_location_0.10,1.1,1.68,3.9220965,0.013544854,1.8709379e-08,24.851032,72.71133,0.057290316,8.0918596e-08,10.030128,4.229674,0.08082148
GMM_location_0.10,1.1,1.6999999,3.9896936,0.012943286,1.7881389e-08,24.668922,93.37867,0.055917494,7.894316e-08,8.981967,4.320193,0.082544036
GMM_location_0.10,1.1,1.7199999,4.058091,0.012369768,1.7091796e-08,24.489588,73.61652,0.05459372,7.704245e-08,9.938659,4.41348,0.08432082
GMM_location_0.10,1.1,1.74,4.127289,0.011823021,1.6338912e-08,24.312895,77.36858,0.053316206,7.520619e-08,9.711574,4.509525,0.08615004
GMM_location_0.10,1.1,1.76,4.1972866,0.011301809,1.5621026e-08,24.138758,78.395515,0.05208318,7.3435565e-08,9.638708,4.608393,0.08803132
GMM_location_0.10,1.1,1.78,4.268084,0.010804944,1.4936516e-08,23.967056,78.01639,0.050892796,7.172673e-08,9.640778,4.7101398,0.08996799
GMM_location_0.10,1.1,1.8,4.3396807,0.01033128,1.4283846e-08,23.797722,172.28557,0.049742393,7.007827e-08,6.766136,4.814737,0.0919616
GMM_location_0.10,1.1,1.8199999,4.4120784,0.009879736,1.366153e-08,23.630663,87.1769,0.048631653,6.8486706e-08,9.158089,4.9223633,0.09401001
GMM_location_0.10,1.1,1.8399999,4.485276,0.009449266,1.3068126e-08,23.465815,89.478195,0.047557272,6.694864e-08,9.039462,5.0329065,0.09611571
GMM_location_0.10,1.1,1.86,4.559274,0.009038865,1.2502277e-08,23.303127,124.66293,0.046518058,6.545965e-08,7.7788324,5.146449,0.09827689
GMM_location_0.10,1.1,1.88,4.6340714,0.008647587,1.196269e-08,23.142517,70.42187,0.045512326,6.402228e-08,9.998725,5.2630086,0.10049769
GMM_location_0.10,1.1,1.9,4.709669,0.008274515,1.1448112e-08,22.983973,105.24476,0.044539392,6.2630605e-08,8.377142,5.382719,0.10277851
GMM_location_0.10,1.1,1.92,4.786066,0.007918782,1.0957378e-08,22.827429,96.48544,0.043597303,6.128449e-08,8.69139,5.505557,0.105116606
GMM_location_0.10,1.1,1.9399999,4.863264,0.0075795525,1.0489318e-08,22.672855,89.670944,0.042684965,5.9981616e-08,8.964699,5.631594,0.10751829
GMM_location_0.10,1.1,1.9599999,4.9412613,0.007256036,1.0042861e-08,22.520222,99.31624,0.041801088,5.871988e-08,8.557987,5.760871,0.109978214
GMM_location_0.10,1.1,1.9799999,5.0200586,0.006947481,9.61698e-09,22.369503,108.63845,0.04094427,5.7497846e-08,8.212835,5.893398,0.11250285
GMM_location_0.10,1.1,2.0,5.0996566,0.006653161,9.210673e-09,22.220675,120.92848,0.04011408,5.631457e-08,7.8162723,6.0293264,0.11509262
GMM_location_0.50,1.5,0.0,1.4997568,0.1216339,1.7639485e-07,91.713585,1.7117941,0.24972518,3.559032e-07,91.69154,2.0530887,0.033268206
GMM_location_0.50,1.5,0.02,1.5001543,0.121561535,1.7611326e-07,91.69036,1.7134359,0.24980295,3.5596602e-07,91.6745,2.0549505,0.033330534
GMM_location_0.50,1.5,0.04,1.5013515,0.12146658,1.757808e-07,91.61989,1.7183677,0.25011998,3.5640267e-07,91.610245,2.0591671,0.033494495
GMM_location_0.50,1.5,0.06,1.5033487,0.121348165,1.753957e-07,91.502686,1.726589,0.25063226,3.5712605e-07,91.49929,2.065398,0.03374825
GMM_location_0.50,1.5,0.08,1.5061462,0.12120429,1.7495513e-07,91.33946,1.7381003,0.251284,3.5809464e-07,91.342354,2.073227,0.03407891
GMM_location_0.50,1.5,0.099999994,1.5097436,0.12103212,1.7445623e-07,91.13124,1.7529017,0.25198185,3.591416e-07,91.1403,2.081942,0.034464877
GMM_location_0.50,1.5,0.12,1.5141407,0.12082816,1.7389453e-07,90.87919,1.7709931,0.2526369,3.6015163e-07,90.89428,2.0908778,0.034883738
GMM_location_0.50,1.5,0.14,1.5193383,0.12058817,1.7326573e-07,90.58488,1.792375,0.25314972,3.6099252e-07,90.60546,2.0992916,0.035314463
GMM_location_0.50,1.5,0.16,1.5253356,0.120307386,1.7256522e-07,90.249916,1.8170469,0.25342065,3.614913e-07,90.275185,2.106443,0.035732225
GMM_location_0.50,1.5,0.17999999,1.5321329,0.11998072,1.7178752e-07,89.87615,1.8450093,0.2533661,3.6153816e-07,89.90483,2.1117234,0.036118004
GMM_location_0.50,1.5,0.19999999,1.5397302,0.1196026,1.7092768e-07,89.46562,1.876263,0.2529055,3.6101423e-07,89.49596,2.1145484,0.03645349
GMM_location_0.50,1.5,0.22,1.5481277,0.11916761,1.6998037e-07,89.02041,1.9108074,0.25199196,3.5985e-07,89.05,2.1146011,0.03672757
GMM_location_0.50,1.5,0.24,1.557325,0.11867019,1.68941e-07,88.54276,1.9486427,0.25058496,3.5797026e-07,88.56854,2.1116083,0.036928575
GMM_location_0.50,1.5,0.26,1.5673224,0.11810505,1.6780483e-07,88.034966,1.98977,0.24866302,3.553427e-07,88.053185,2.1054394,0.037051253
GMM_location_0.50,1.5,0.28,1.5781196,0.117467195,1.6656787e-07,87.49936,2.034189,0.24624182,3.5198414e-07,87.50543,2.0962603,0.03709694
GMM_location_0.50,1.5,0.29999998,1.5897169,0.11675204,1.6522652e-07,86.93827,2.0818996,0.24333224,3.4791034e-07,86.92699,2.0841796,0.0370658
GMM_location_0.50,1.5,0.32,1.6021143,0.115955636,1.6377784e-07,86.354034,2.132903,0.23996966,3.4316523e-07,86.319405,2.0694954,0.0369625
GMM_location_0.50,1.5,0.34,1.6153115,0.115074575,1.622197e-07,85.74901,2.1871996,0.23619823,3.3780526e-07,85.68435,2.0525665,0.036794636
GMM_location_0.50,1.5,0.35999998,1.6293087,0.114106245,1.6055068e-07,85.12538,2.244789,0.23207122,3.3190702e-07,85.023415,2.033817,0.03657048
GMM_location_0.50,1.5,0.38,1.6441061,0.113048784,1.5877022e-07,84.48541,2.305672,0.22764142,3.2555027e-07,84.338196,2.0136564,0.0362993
GMM_location_0.50,1.5,0.39999998,1.6597035,0.11190113,1.5687861e-07,83.83118,2.3698485,0.22296871,3.1880933e-07,83.63043,1.9925511,0.035990305
GMM_location_0.50,1.5,0.42,1.676101,0.11066317,1.5487717e-07,83.164734,2.4373198,0.21810904,3.1178342e-07,82.901726,1.9709271,0.035654575
GMM_location_0.50,1.5,0.44,1.6932982,0.10933545,1.5276764e-07,82.48796,2.5080864,0.21311748,3.0454527e-07,82.15379,1.9492074,0.035300963
GMM_location_0.50,1.5,0.45999998,1.7112956,0.10791947,1.5055313e-07,81.80276,2.5821471,0.20804194,2.9716026e-07,81.38835,1.9277517,0.03493647
GMM_location_0.50,1.5,0.48,1.7300929,0.10641741,1.482371e-07,81.11077,2.659504,0.2029287,2.8970462e-07,80.60707,1.9069127,0.034572173
GMM_location_0.50,1.5,0.5,1.7496904,0.104832225,1.4582413e-07,80.41364,2.7401576,0.19781435,2.822252e-07,79.811745,1.8869612,0.034212008
GMM_location_0.50,1.5,0.52,1.7700875,0.103167646,1.4331933e-07,79.712814,2.8241076,0.19273484,2.74805e-07,79.00408,1.8681713,0.033864267
GMM_location_0.50,1.5,0.53999996,1.7912847,0.10142788,1.4072833e-07,79.00967,2.911355,0.18771735,2.6745113e-07,78.185936,1.850747,0.033533122
GMM_location_0.50,1.5,0.56,1.8132821,0.09961777,1.3805766e-07,78.3055,3.0019004,0.18278958,2.602267e-07,77.358986,1.8349093,0.033224113
GMM_location_0.50,1.5,0.58,1.8360795,0.09774255,1.3531401e-07,77.601425,3.0957456,0.17796504,2.5315626e-07,76.524994,1.820753,0.032940414
GMM_location_0.50,1.5,0.59999996,1.859677,0.0958079,1.3250461e-07,76.89845,3.19289,0.17325704,2.4624913e-07,75.68574,1.8083794,0.032683946
GMM_location_0.50,1.5,0.62,1.8840742,0.09381971,1.2963696e-07,76.19761,3.2933342,0.16867864,2.3953552e-07,74.842926,1.797902,0.03245807
GMM_location_0.50,1.5,0.64,1.9092716,0.09178424,1.2671852e-07,75.49969,3.3970792,0.16423586,2.3302597e-07,73.99816,1.7893689,0.03226449
GMM_location_0.50,1.5,0.65999997,1.9352689,0.08970778,1.2375762e-07,74.80548,3.5041254,0.15992993,2.2672344e-07,73.15301,1.7827878,0.032104015
GMM_location_0.50,1.5,0.68,1.9620662,0.087596685,1.2076188e-07,74.11563,3.6144738,0.15576719,2.2063456e-07,72.30899,1.7782315,0.03197845
GMM_location_0.50,1.5,0.7,1.9896636,0.08545733,1.1773912e-07,73.43079,3.7281256,0.15174393,2.1475549e-07,71.4675,1.775669,0.03188728
GMM_location_0.50,1.5,0.71999997,2.018061,0.08329616,1.1469721e-07,72.75145,3.845081,0.1478589,2.0908645e-07,70.62987,1.7750987,0.031830538
GMM_location_0.50,1.5,0.74,2.0472584,0.08111922,1.1164377e-07,72.0781,3.9653413,0.14411081,2.0362329e-07,69.79725,1.7765311,0.03180926
GMM_location_0.50,1.5,0.76,2.0772557,0.078932665,1.08586384e-07,71.41112,4.088907,0.14049554,1.98371e-07,68.97075,1.7799417,0.03182374
GMM_location_0.50,1.5,0.78,2.108053,0.076742314,1.05531996e-07,70.75085,4.2157784,0.1370079,1.9330282e-07,68.15133,1.7852981,0.031871982
GMM_location_0.50,1.5,0.79999995,2.13965,0.0745537,1.0248747e-07,70.09761,4.3459573,0.13364436,1.884264e-07,67.339836,1.7925919,0.031955138
GMM_location_0.50,1.5,0.82,2.1720474,0.072372064,9.945937e-08,69.45159,4.479443,0.13039832,1.8373296e-07,66.53697,1.801777,0.032072596
GMM_location_0.50,1.5,0.84,2.2052448,0.07020252,9.645377e-08,68.81305,4.616239,0.12726553,1.7921073e-07,65.74338,1.8128341,0.032223314
GMM_location_0.50,1.5,0.85999995,2.2392423,0.06804965,9.347639e-08,68.18215,4.7563443,0.12424368,1.7485569e-07,64.95949,1.8257799,0.032408033
GMM_location_0.50,1.5,0.88,2.2740397,0.06591776,9.053251e-08,67.558975,4.8997617,0.1213247,1.7065324e-07,64.185715,1.8405465,0.032624673
GMM_location_0.50,1.5,0.9,2.309637,0.06381086,8.762699e-08,66.94367,5.0464897,0.118504904,1.6660029e-07,63.42237,1.8571274,0.03287418
GMM_location_0.50,1.5,0.91999996,2.346034,0.06173256,8.476426e-08,66.336266,5.1965313,0.11578032,1.6269563e-07,62.66967,1.8755146,0.03315653
GMM_location_0.50,1.5,0.94,2.3832316,0.059686113,8.194824e-08,65.73681,5.3498845,0.1131433,1.5891999e-07,61.92771,1.8956386,0.033469476
GMM_location_0.50,1.5,0.96,2.421229,0.057674482,7.918271e-08,65.145294,5.5065527,0.110594295,1.552782e-07,61.19656,1.9175602,0.033815145
GMM_location_0.50,1.5,0.97999996,2.4600263,0.05570024,7.647064e-08,64.56176,5.666537,0.10812629,1.517536e-07,60.476208,1.9412177,0.0341909
GMM_location_0.50,1.5,1.0,2.4996235,0.05376566,7.381492e-08,63.98612,5.829838,0.105736196,1.4835078e-07,59.766586,1.9666121,0.03459854
GMM_location_0.50,1.5,1.02,2.540021,0.051872686,7.1217805e-08,63.418377,5.996458,0.1034201,1.4505247e-07,59.06763,1.9937295,0.035036545
GMM_location_0.50,1.5,1.04,2.581218,0.05002297,6.868128e-08,62.858444,6.166396,0.10117408,1.4185977e-07,58.379192,2.0225525,0.03550377
GMM_location_0.50,1.5,1.06,2.6232157,0.0482179,6.620704e-08,62.306236,6.339657,0.09899669,1.3876706e-07,57.70111,2.0531108,0.03600263
GMM_location_0.50,1.5,1.0799999,2.6660128,0.04645857,6.37963e-08,61.761677,6.516237,0.09688458,1.357733e-07,57.033234,2.0853975,0.03653249
GMM_location_0.50,1.5,1.1,2.7096105,0.044745788,6.145e-08,61.224705,6.696142,0.09483438,1.3286628e-07,56.375397,2.1194036,0.037091844
GMM_location_0.50,1.5,1.12,2.7540078,0.043080214,5.9168983e-08,60.69516,6.87937,0.09284314,1.3004649e-07,55.727386,2.1551225,0.037681565
GMM_location_0.50,1.5,1.14,2.799205,0.041462213,5.695349e-08,60.172947,7.0659246,0.09090835,1.2731205e-07,55.089043,2.192559,0.038301945
GMM_location_0.50,1.5,1.16,2.8452022,0.039892007,5.4803653e-08,59.657944,7.255807,0.08903016,1.246575e-07,54.460167,2.2317796,0.03895322
GMM_location_0.50,1.5,1.18,2.8919997,0.03836957,5.271951e-08,59.150017,7.4490147,0.08720296,1.2207548e-07,53.840603,2.2727113,0.039634224
GMM_location_0.50,1.5,1.1999999,2.939597,0.036894795,5.0700717e-08,58.649044,7.6455536,0.08542651,1.1956968e-07,53.230198,2.3154082,0.04034695
GMM_location_0.50,1.5,1.22,2.9879944,0.03546735,4.8746745e-08,58.154892,7.845423,0.0836992,1.1713323e-07,52.62878,2.3598943,0.04109002
GMM_location_0.50,1.5,1.24,3.0371919,0.03408682,4.6856975e-08,57.667423,8.048626,0.082018256,1.14763125e-07,52.036224,2.4061575,0.04186423
GMM_location_0.50,1.5,1.26,3.087189,0.032752663,4.5030625e-08,57.186543,8.25516,0.08038225,1.1245741e-07,51.452404,2.4542203,0.04266998
GMM_location_0.50,1.5,1.28,3.1379864,0.0314642,4.3266756e-08,56.712044,8.465031,0.078790106,1.10212824e-07,50.877243,2.5041192,0.04350757
GMM_location_0.50,1.5,1.3,3.1895835,0.030220693,4.15643e-08,56.243874,8.678237,0.07723994,1.08032154e-07,50.310562,2.5558627,0.04437684
GMM_location_0.50,1.5,1.3199999,3.2419808,0.029021306,3.9922043e-08,55.78186,8.89478,0.07573024,1.05905755e-07,49.75235,2.6094706,0.045277987
GMM_location_0.50,1.5,1.3399999,3.295178,0.027865155,3.833886e-08,55.325882,9.114664,0.074259825,1.03839156e-07,49.202477,2.6649709,0.046213407
GMM_location_0.50,1.5,1.36,3.3491757,0.026751276,3.6813365e-08,54.87581,9.337889,0.072827384,1.0182509e-07,48.66089,2.7223892,0.04718117
GMM_location_0.50,1.5,1.38,3.4039729,0.025678689,3.5344215e-08,54.431545,9.564456,0.07143166,9.986383e-08,48.12753,2.7817488,0.0481827
GMM_location_0.50,1.5,1.4,3.4595702,0.024646346,3.3929958e-08,53.99297,9.794366,0.07007132,9.795025e-08,47.602337,2.8430712,0.049217127
GMM_location_0.50,1.5,1.42,3.5159676,0.023653183,3.2569144e-08,53.55998,10.02762,0.06874528,9.6086914e-08,47.085278,2.906386,0.05028671
GMM_location_0.50,1.5,1.4399999,3.5731647,0.0226981,3.1260296e-08,53.132446,10.264221,0.06745215,9.426878e-08,46.576263,2.971709,0.051390577
GMM_location_0.50,1.5,1.4599999,3.631162,0.021780012,3.000191e-08,52.71032,10.50417,0.066191904,9.2499256e-08,46.07527,3.0391123,0.052530218
GMM_location_0.50,1.5,1.48,3.68996,0.020897789,2.8792478e-08,52.29345,10.747475,0.064962454,9.077173e-08,45.58225,3.1085804,0.05370558
GMM_location_0.50,1.5,1.5,3.749557,0.020050324,2.7630458e-08,51.88177,10.994126,0.06376348,8.90889e-08,45.097153,3.1801717,0.054917827
GMM_location_0.50,1.5,1.52,3.8099542,0.019236496,2.6514352e-08,51.475216,11.244136,0.06259391,8.7447944e-08,44.619926,3.253914,0.056166276
GMM_location_0.50,1.5,1.54,3.871152,0.018455194,2.5442622e-08,51.07369,11.497501,0.061452758,8.5844746e-08,44.150513,3.3298354,0.057452478
GMM_location_0.50,1.5,1.56,3.933149,0.017705325,2.4413788e-08,50.67711,11.754222,0.060339376,8.428297e-08,43.688866,3.407979,0.05877667
GMM_location_0.50,1.5,1.5799999,3.995946,0.016985798,2.3426374e-08,50.285404,12.014305,0.059252683,8.27578e-08,43.234936,3.4883661,0.060139336
GMM_location_0.50,1.5,1.5999999,4.059543,0.016295535,2.2478934e-08,49.898514,12.277749,0.05819215,8.127138e-08,42.78865,3.5710485,0.061541554
GMM_location_0.50,1.5,1.62,4.123941,0.015633477,2.1569992e-08,49.5164,12.544554,0.057157043,7.981811e-08,42.349926,3.6560674,0.062983565
GMM_location_0.50,1.5,1.64,4.1891384,0.014998609,2.0698234e-08,49.138977,12.814727,0.056146324,7.839963e-08,41.918694,3.7434354,0.064465456
GMM_location_0.50,1.5,1.66,4.255136,0.014389901,1.9862158e-08,48.766182,13.0882635,0.055160135,7.701808e-08,41.49488,3.8332531,0.065990485
GMM_location_0.50,1.5,1.68,4.321933,0.013806374,1.906052e-08,48.397972,13.365171,0.054196168,7.566425e-08,41.07842,3.9254456,0.06755493
GMM_location_0.50,1.5,1.6999999,4.38953,0.013247053,1.8291962e-08,48.034294,13.6454525,0.053255327,7.4347014e-08,40.669216,4.020164,0.06916388
GMM_location_0.50,1.5,1.7199999,4.4579277,0.012711008,1.7555221e-08,47.675117,13.929101,0.05233685,7.305861e-08,40.26715,4.1174426,0.07081587
GMM_location_0.50,1.5,1.74,4.5271254,0.012197317,1.684905e-08,47.32038,14.216127,0.05143877,7.179854e-08,39.87213,4.2172203,0.07250982
GMM_location_0.50,1.5,1.76,4.5971227,0.011705102,1.6172269e-08,46.97002,14.506533,0.05056206,7.056911e-08,39.484077,4.3196597,0.07424903
GMM_location_0.50,1.5,1.78,4.66792,0.011233497,1.5523648e-08,46.624,14.8003235,0.049705777,6.9370635e-08,39.102833,4.424782,0.07603636
GMM_location_0.50,1.5,1.8,4.7395167,0.010781672,1.4902104e-08,46.2823,15.097481,0.048868347,6.8196194e-08,38.728367,4.532539,0.07786624
GMM_location_0.50,1.5,1.8199999,4.811914,0.010348826,1.4306559e-08,45.944862,15.398031,0.048050534,6.7049584e-08,38.360493,4.6430902,0.079746075
GMM_location_0.50,1.5,1.8399999,4.885112,0.009934176,1.3735916e-08,45.611633,15.701956,0.047251116,6.592882e-08,37.999146,4.7564206,0.081671774
GMM_location_0.50,1.5,1.86,4.9591093,0.009536971,1.3189162e-08,45.282585,16.009281,0.046469573,6.483289e-08,37.64416,4.8725715,0.083645724
GMM_location_0.50,1.5,1.88,5.033906,0.009156483,1.2665294e-08,44.95766,16.319992,0.045705795,6.376424e-08,37.29545,4.991632,0.08567026
GMM_location_0.50,1.5,1.9,5.109504,0.008792028,1.2163403e-08,44.63683,16.63409,0.0449591,6.271887e-08,36.952877,5.113621,0.08774542
GMM_location_0.50,1.5,1.92,5.1859016,0.008442915,1.1682543e-08,44.32006,16.951588,0.0442293,6.169594e-08,36.616333,5.238629,0.08987041
GMM_location_0.50,1.5,1.9399999,5.2630982,0.008108505,1.1221831e-08,44.007267,17.27248,0.04351528,6.069556e-08,36.28565,5.366622,0.09204597
GMM_location_0.50,1.5,1.9599999,5.3410954,0.0077881794,1.0780419e-08,43.69845,17.596764,0.04281704,5.971807e-08,35.960762,5.497696,0.09427505
GMM_location_0.50,1.5,1.9799999,5.419893,0.00748133,1.0357502e-08,43.39353,17.924452,0.042133894,5.876204e-08,35.641506,5.631872,0.09655819
GMM_location_0.50,1.5,2.0,5.4994903,0.007187385,9.95229e-09,43.092464,18.255543,0.04146608,5.7825947e-08,35.327766,5.7692857,0.09889523
GMM_location_1.00,2.0,0.0,1.9996235,0.0925248,1.3437224e-07,98.27599,2.0704572,0.03654511,5.245146e-08,98.30367,0.39497638,0.0066528195
GMM_location_1.00,2.0,0.02,2.0000207,0.09246426,1.342007e-07,98.25141,2.0715597,0.03663128,5.2553528e-08,98.28058,0.3961669,0.006681041
GMM_location_1.00,2.0,0.04,2.001218,0.09235574,1.3395044e-07,98.18858,2.0748723,0.03700934,5.3064657e-08,98.22025,0.40072593,0.006781304
GMM_location_1.00,2.0,0.06,2.0032153,0.09219926,1.3362161e-07,98.08789,2.0803952,0.037669927,5.3972173e-08,98.123116,0.40857083,0.0069517186
GMM_location_1.00,2.0,0.08,2.0060124,0.091994904,1.3321444e-07,97.94981,2.0881288,0.038592216,5.5252887e-08,97.98978,0.41950384,0.007188134
GMM_location_1.00,2.0,0.099999994,2.0096097,0.09174258,1.3272967e-07,97.77491,2.0980732,0.039748725,5.6868362e-08,97.82095,0.43326363,0.00748419
GMM_location_1.00,2.0,0.12,2.014007,0.09144224,1.3216736e-07,97.56406,2.1102278,0.04110763,5.877687e-08,97.61761,0.44954747,0.007833593
GMM_location_1.00,2.0,0.14,2.0192041,0.09109367,1.3152842e-07,97.31817,2.1245937,0.042633153,6.092952e-08,97.38082,0.46801445,0.008228813
GMM_location_1.00,2.0,0.16,2.0252013,0.09069673,1.3081292e-07,97.03827,2.1411698,0.044284396,6.3265205e-08,97.111755,0.48826894,0.008660623
GMM_location_1.00,2.0,0.17999999,2.0319986,0.09025128,1.3002186e-07,96.725655,2.1599567,0.046020247,6.5735556e-08,96.81165,0.5099124,0.009121176
GMM_location_1.00,2.0,0.19999999,2.0395958,0.089757174,1.2915592e-07,96.38153,2.1809547,0.047801077,6.827923e-08,96.48191,0.53256,0.0096014505
GMM_location_1.00,2.0,0.22,2.047993,0.08921428,1.2821599e-07,96.00734,2.2041633,0.04958599,7.083572e-08,96.123856,0.55580777,0.010092911
GMM_location_1.00,2.0,0.24,2.0571902,0.08862262,1.2720322e-07,95.60454,2.229583,0.05133871,7.336121e-08,95.73888,0.57929575,0.010587959
GMM_location_1.00,2.0,0.26,2.0671873,0.08798217,1.2611864e-07,95.174675,2.2572138,0.05302594,7.580241e-08,95.3284,0.6026896,0.01107927
GMM_location_1.00,2.0,0.28,2.0779848,0.087293096,1.2496366e-07,94.71928,2.287056,0.054619126,7.811827e-08,94.893776,0.62569815,0.011561116
GMM_location_1.00,2.0,0.29999998,2.0895817,0.08655561,1.2373977e-07,94.24001,2.3191092,0.05609148,8.027498e-08,94.43636,0.6480398,0.012027161
GMM_location_1.00,2.0,0.32,2.1019788,0.0857702,1.2244875e-07,93.73849,2.3533738,0.057426766,8.224118e-08,93.95743,0.6695422,0.012473782
GMM_location_1.00,2.0,0.34,2.1151762,0.08493731,1.2109228e-07,93.21635,2.3898497,0.058609504,8.399587e-08,93.45831,0.6900325,0.012897206
GMM_location_1.00,2.0,0.35999998,2.1291733,0.084057726,1.1967242e-07,92.67528,2.4285374,0.059630547,8.552614e-08,92.94018,0.70939994,0.013295409
GMM_location_1.00,2.0,0.38,2.1439705,0.083132215,1.1819145e-07,92.116806,2.469437,0.060485426,8.6825075e-08,92.40421,0.7275811,0.013666857
GMM_location_1.00,2.0,0.39999998,2.1595678,0.0821619,1.16651755e-07,91.54256,2.512548,0.06117265,8.78836e-08,91.85152,0.7445379,0.014010488
GMM_location_1.00,2.0,0.42,2.175965,0.081148006,1.1505568e-07,90.95406,2.5578713,0.061696652,8.8713065e-08,91.28319,0.76029783,0.014327652
GMM_location_1.00,2.0,0.44,2.1931622,0.08009198,1.1340632e-07,90.35287,2.6054072,0.06206361,8.9314376e-08,90.700195,0.77490413,0.014618199
GMM_location_1.00,2.0,0.45999998,2.2111592,0.078995354,1.11706186e-07,89.7404,2.6551547,0.062283013,8.970176e-08,90.10357,0.7884389,0.014884009
GMM_location_1.00,2.0,0.48,2.2299569,0.07785992,1.09958556e-07,89.11807,2.7071147,0.06236344,8.988631e-08,89.49428,0.80096966,0.015126568
GMM_location_1.00,2.0,0.5,2.249554,0.07668762,1.08166475e-07,88.487206,2.7612875,0.062318124,8.9886655e-08,88.87314,0.812623,0.015348507
GMM_location_1.00,2.0,0.52,2.269951,0.075480476,1.0633334e-07,87.849075,2.817673,0.06216028,8.97189e-08,88.24116,0.82352793,0.01555185
GMM_location_1.00,2.0,0.53999996,2.291148,0.07424075,1.04462394e-07,87.20489,2.876271,0.061901916,8.9398775e-08,87.59909,0.8337997,0.015739523
GMM_location_1.00,2.0,0.56,2.3131454,0.072970785,1.02557166e-07,86.55581,2.9370828,0.061556246,8.894611e-08,86.94787,0.84357387,0.015913693
GMM_location_1.00,2.0,0.58,2.3359423,0.07167305,1.00621264e-07,85.90284,3.0001078,0.061137,8.83767e-08,86.28822,0.85299844,0.016077252
GMM_location_1.00,2.0,0.59999996,2.3595397,0.07035004,9.865824e-08,85.247055,3.0653458,0.060656253,8.771163e-08,85.621,0.86220634,0.016233277
GMM_location_1.00,2.0,0.62,2.3839374,0.069004394,9.667175e-08,84.58935,3.1327982,0.06012479,8.696285e-08,84.947044,0.8713183,0.016383378
GMM_location_1.00,2.0,0.64,2.409134,0.06763881,9.466543e-08,83.93059,3.2024643,0.059553444,8.6148574e-08,84.26699,0.88046265,0.01653095
GMM_location_1.00,2.0,0.65999997,2.4351313,0.06625595,9.2642864e-08,83.27162,3.2743447,0.05895206,8.5281286e-08,83.581696,0.8897625,0.016677737
GMM_location_1.00,2.0,0.68,2.4619286,0.06485858,9.0607855e-08,82.61308,3.3484397,0.058329284,8.4373056e-08,82.89186,0.8993303,0.016825974
GMM_location_1.00,2.0,0.7,2.4895258,0.06344938,8.856365e-08,81.95576,3.4247499,0.057692487,8.3435665e-08,82.198166,0.9092679,0.016977577
GMM_location_1.00,2.0,0.71999997,2.5179229,0.062031135,8.651415e-08,81.30018,3.5032744,0.05704716,8.2478245e-08,81.501396,0.91965365,0.01713433
GMM_location_1.00,2.0,0.74,2.5471203,0.06060642,8.44626e-08,80.64694,3.5840144,0.05640026,8.150917e-08,80.802216,0.9305988,0.017298274
GMM_location_1.00,2.0,0.76,2.5771172,0.05917794,8.241231e-08,79.99658,3.6669698,0.055756096,8.0540545e-08,80.101265,0.94217706,0.017470982
GMM_location_1.00,2.0,0.78,2.6079147,0.057748187,8.0366554e-08,79.349525,3.752141,0.055117138,7.957277e-08,79.3992,0.9544393,0.017653214
GMM_location_1.00,2.0,0.79999995,2.6395118,0.056319706,7.8328505e-08,78.7062,3.839528,0.054487363,7.861284e-08,78.69669,0.96746534,0.017846523
GMM_location_1.00,2.0,0.82,2.6719089,0.054894846,7.630113e-08,78.06697,3.9291315,0.053869084,7.766679e-08,77.99432,0.98131406,0.018052498
GMM_location_1.00,2.0,0.84,2.705106,0.05347594,7.428723e-08,77.43215,4.0209513,0.053263664,7.673611e-08,77.2927,0.99603045,0.018271733
GMM_location_1.00,2.0,0.85999995,2.7391033,0.05206515,7.228956e-08,76.802025,4.1149883,0.05267219,7.582116e-08,76.59232,1.0116593,0.018504703
GMM_location_1.00,2.0,0.88,2.7739007,0.0506646,7.031067e-08,76.17687,4.2112427,0.05209557,7.492679e-08,75.89381,1.028244,0.018752908
GMM_location_1.00,2.0,0.9,2.8094976,0.049276154,6.8352925e-08,75.5569,4.309715,0.05153415,7.405525e-08,75.19762,1.0458233,0.01901653
GMM_location_1.00,2.0,0.91999996,2.8458948,0.04790174,6.641858e-08,74.9423,4.4104037,0.050987598,7.3203324e-08,74.50425,1.0644206,0.019296957
GMM_location_1.00,2.0,0.94,2.8830924,0.04654303,6.4509685e-08,74.333244,4.5133114,0.05045592,7.237614e-08,73.81415,1.0840704,0.01959393
GMM_location_1.00,2.0,0.96,2.9210894,0.04520158,6.262804e-08,73.72986,4.618438,0.049939316,7.156981e-08,73.12778,1.1048135,0.019908298
GMM_location_1.00,2.0,0.97999996,2.9598866,0.043878887,6.077551e-08,73.13225,4.725783,0.04943583,7.078031e-08,72.4455,1.1266428,0.02023999
GMM_location_1.00,2.0,1.0,2.999484,0.04257623,5.8953557e-08,72.54055,4.835347,0.04894561,7.0017705e-08,71.767715,1.1495994,0.020590639
GMM_location_1.00,2.0,1.02,3.0398805,0.041294847,5.7163682e-08,71.95479,4.94713,0.048467662,6.92722e-08,71.094734,1.1736976,0.020959845
GMM_location_1.00,2.0,1.04,3.081078,0.040035773,5.5407043e-08,71.37504,5.0611334,0.04800134,6.854436e-08,70.426895,1.1989613,0.021347469
GMM_location_1.00,2.0,1.06,3.123075,0.03879995,5.368476e-08,70.801346,5.1773567,0.047545522,6.783652e-08,69.76449,1.2254016,0.021754585
GMM_location_1.00,2.0,1.0799999,3.1658726,0.037588224,5.1997755e-08,70.23374,5.2958016,0.047099974,6.714454e-08,69.10774,1.2530513,0.022181619
GMM_location_1.00,2.0,1.1,3.20947,0.036401294,5.0346742e-08,69.67224,5.4164667,0.04666311,6.6469724e-08,68.45691,1.2819079,0.022628402
GMM_location_1.00,2.0,1.12,3.2538671,0.03523977,4.8732513e-08,69.11685,5.539352,0.046234444,6.580835e-08,67.81222,1.3119961,0.023095343
GMM_location_1.00,2.0,1.14,3.299064,0.034104146,4.7155485e-08,68.56753,5.6644583,0.04581342,6.516123e-08,67.1738,1.3433387,0.023582775
GMM_location_1.00,2.0,1.16,3.3450613,0.032994807,4.5616066e-08,68.02429,5.791788,0.045399062,6.452608e-08,66.54185,1.3759457,0.024090994
GMM_location_1.00,2.0,1.18,3.3918586,0.03191207,4.411458e-08,67.48713,5.9213395,0.04498975,6.390202e-08,65.91647,1.4098035,0.02461953
GMM_location_1.00,2.0,1.1999999,3.4394557,0.030856136,4.2651106e-08,66.955986,6.053113,0.044585906,6.3287e-08,65.29778,1.4449607,0.025169361
GMM_location_1.00,2.0,1.22,3.4878535,0.029827148,4.1225782e-08,66.43083,6.1871114,0.04418724,6.268248e-08,64.68588,1.4814438,0.025740854
GMM_location_1.00,2.0,1.24,3.5370502,0.028825134,3.9838508e-08,65.91162,6.323333,0.043793134,6.208728e-08,64.08085,1.5192691,0.026334463
GMM_location_1.00,2.0,1.26,3.5870476,0.027850091,3.84892e-08,65.39834,6.4617796,0.043402154,6.149986e-08,63.482708,1.5584205,0.02694973
GMM_location_1.00,2.0,1.28,3.6378443,0.026901916,3.7177568e-08,64.89088,6.602451,0.043014836,6.091876e-08,62.891533,1.5989506,0.027587486
GMM_location_1.00,2.0,1.3,3.6894417,0.025980467,3.590344e-08,64.38921,6.745345,0.042629786,6.034517e-08,62.307323,1.6408398,0.028247831
GMM_location_1.00,2.0,1.3199999,3.741839,0.025085542,3.4666392e-08,63.8933,6.890467,0.042247985,5.977614e-08,61.730106,1.6841567,0.028931102
GMM_location_1.00,2.0,1.3399999,3.7950363,0.02421688,3.3465987e-08,63.403088,7.0378137,0.04186851,5.921395e-08,61.159832,1.7288979,0.02963742
GMM_location_1.00,2.0,1.36,3.8490336,0.02337416,3.230173e-08,62.918472,7.18739,0.041490704,5.8655793e-08,60.59655,1.7750671,0.030367786
GMM_location_1.00,2.0,1.38,3.9038303,0.022557069,3.1173204e-08,62.43942,7.3391895,0.04111532,5.8102753e-08,60.04021,1.8227245,0.031121735
GMM_location_1.00,2.0,1.4,3.9594276,0.021765212,3.0079693e-08,61.965836,7.4932194,0.04074102,5.755247e-08,59.490795,1.8718412,0.031899516
GMM_location_1.00,2.0,1.42,4.015825,0.020998172,2.9020708e-08,61.497696,7.6494765,0.040368583,5.7006897e-08,58.94825,1.9224808,0.03270215
GMM_location_1.00,2.0,1.4399999,4.073022,0.020255517,2.7995524e-08,61.034924,7.8079605,0.03999787,5.646575e-08,58.41252,1.9746654,0.033529706
GMM_location_1.00,2.0,1.4599999,4.1310186,0.01953677,2.7003496e-08,60.577427,7.9686747,0.039628264,5.5925717e-08,57.8836,2.0283937,0.034381807
GMM_location_1.00,2.0,1.48,4.1898165,0.018841447,2.6043919e-08,60.125153,8.1316185,0.0392604,5.5390853e-08,57.36138,2.0837252,0.035260446
GMM_location_1.00,2.0,1.5,4.249414,0.018169058,2.511605e-08,59.678043,8.296794,0.038893595,5.485878e-08,56.845833,2.14065,0.03616511
GMM_location_1.00,2.0,1.52,4.309811,0.017519074,2.4219196e-08,59.23604,8.464196,0.038528264,5.4329377e-08,56.336914,2.199218,0.03709569
GMM_location_1.00,2.0,1.54,4.371008,0.016890965,2.3352571e-08,58.799023,8.633833,0.038164098,5.3803397e-08,55.834545,2.2594385,0.038053885
GMM_location_1.00,2.0,1.56,4.4330053,0.016284196,2.2515444e-08,58.366974,8.805699,0.037801694,5.328e-08,55.338646,2.3213732,0.039038774
GMM_location_1.00,2.0,1.5799999,4.4958024,0.01569822,2.170703e-08,57.939823,8.979797,0.03743997,5.2759308e-08,54.849167,2.3849816,0.040051427
GMM_location_1.00,2.0,1.5999999,4.5594,0.015132486,2.0926533e-08,57.517494,9.15613,0.03708006,5.2241706e-08,54.366028,2.4503615,0.04109222
GMM_location_1.00,2.0,1.62,4.6237974,0.014586445,2.017327e-08,57.099926,9.334698,0.03672136,5.1725785e-08,53.889145,2.517499,0.042161517
GMM_location_1.00,2.0,1.64,4.6889944,0.014059556,1.9446365e-08,56.687035,9.515496,0.036364473,5.1214645e-08,53.418495,2.5864596,0.0432598
GMM_location_1.00,2.0,1.66,4.754991,0.013551257,1.8745132e-08,56.278793,9.698531,0.036009558,5.070504e-08,52.953983,2.6572855,0.044388585
GMM_location_1.00,2.0,1.68,4.821789,0.01306101,1.806878e-08,55.875103,9.883798,0.035655692,5.0198576e-08,52.49552,2.7299337,0.045546006
GMM_location_1.00,2.0,1.6999999,4.8893857,0.01258827,1.7416566e-08,55.475933,10.071302,0.03530381,4.9696027e-08,52.043056,2.8045003,0.04673511
GMM_location_1.00,2.0,1.7199999,4.9577823,0.012132496,1.6787716e-08,55.0812,10.261041,0.03495364,4.9195787e-08,51.596527,2.8809934,0.047954667
GMM_location_1.00,2.0,1.74,5.0269804,0.011693166,1.6181547e-08,54.690887,10.453016,0.03460555,4.8698837e-08,51.15584,2.9594681,0.049206484
GMM_location_1.00,2.0,1.76,5.0969768,0.011269756,1.5597301e-08,54.304855,10.64723,0.034259178,4.8204836e-08,50.720932,3.039922,0.050489463
GMM_location_1.00,2.0,1.78,5.1677747,0.010861757,1.5034296e-08,53.92313,10.843681,0.03391495,4.771487e-08,50.29176,3.1224184,0.051806416
GMM_location_1.00,2.0,1.8,5.239372,0.010468664,1.4491819e-08,53.545605,11.042371,0.033572383,4.722711e-08,49.868202,3.2069407,0.05315443
GMM_location_1.00,2.0,1.8199999,5.3117685,0.010089977,1.3969182e-08,53.172237,11.2433,0.033232346,4.674338e-08,49.45025,3.2935998,0.054537
GMM_location_1.00,2.0,1.8399999,5.3849664,0.009725213,1.346573e-08,52.80301,11.446471,0.032894533,4.6263217e-08,49.037785,3.3823972,0.05595456
GMM_location_1.00,2.0,1.86,5.458963,0.009373905,1.2980797e-08,52.437828,11.651883,0.0325587,4.5786255e-08,48.63075,3.4733334,0.057405833
GMM_location_1.00,2.0,1.88,5.533761,0.009035588,1.2513766e-08,52.076637,11.859534,0.032225374,4.5312234e-08,48.229103,3.5664942,0.058892313
GMM_location_1.00,2.0,1.9,5.6093574,0.008709811,1.2063995e-08,51.7194,12.069429,0.03189447,4.4842924e-08,47.83274,3.6619017,0.06041575
GMM_location_1.00,2.0,1.92,5.685755,0.008396135,1.1630888e-08,51.366096,12.281566,0.031566087,4.4377124e-08,47.441616,3.7595975,0.06197552
GMM_location_1.00,2.0,1.9399999,5.762953,0.00809413,1.1213872e-08,51.01664,12.495944,0.03124036,4.3914778e-08,47.055656,3.8596318,0.063572094
GMM_location_1.00,2.0,1.9599999,5.8409495,0.0078033833,1.0812345e-08,50.67097,12.712569,0.030917222,4.3456975e-08,46.674793,3.9620278,0.065206826
GMM_location_1.00,2.0,1.9799999,5.9197464,0.007523489,1.0425774e-08,50.3291,12.9314375,0.030596308,4.300156e-08,46.298954,4.066771,0.06687888
GMM_location_1.00,2.0,2.0,5.9993443,0.007254053,1.0053607e-08,49.990936,13.1525545,0.03027845,4.2551076e-08,45.928078,4.1740046,0.06859108
GMM_scale_100.00,0.505,0.0,0.50492555,4.897833,6.798359e-06,49.17365,0.5180959,2.6124425,3.6955887e-06,49.1477,0.5333874,0.008406162
GMM_scale_100.00,0.505,0.02,0.5053228,4.8848677,6.778495e-06,48.962517,0.51842225,2.6126444,3.6964357e-06,48.96102,0.53484446,0.00843832
GMM_scale_100.00,0.505,0.04,0.5065202,4.847203,6.7248156e-06,48.67083,0.51942056,2.6107612,3.6912227e-06,48.69403,0.5386119,0.00850752
GMM_scale_100.00,0.505,0.06,0.50851756,4.785597,6.638364e-06,48.31221,0.5210917,2.6063807,3.679795e-06,48.358704,0.5446302,0.008612932
GMM_scale_100.00,0.505,0.08,0.5113148,4.7012696,6.520821e-06,47.898968,0.52343506,2.5989997,3.6620368e-06,47.965603,0.5528293,0.008753735
GMM_scale_100.00,0.505,0.099999994,0.5149122,4.5958543,6.374403e-06,47.442383,0.5264515,2.5879993,3.6378854e-06,47.52445,0.5631161,0.008929231
GMM_scale_100.00,0.505,0.12,0.5193096,4.471331,6.2018107e-06,46.953575,0.53014094,2.5726085,3.6069766e-06,47.045364,0.5753563,0.009137727
GMM_scale_100.00,0.505,0.14,0.524507,4.3299565,6.0061175e-06,46.44394,0.5345026,2.552019,3.5689227e-06,46.539394,0.5893867,0.009377286
GMM_scale_100.00,0.505,0.16,0.53050435,4.1741796,5.79065e-06,45.9241,0.53953785,2.5254931,3.5234152e-06,46.0175,0.60502744,0.009645719
GMM_scale_100.00,0.505,0.17999999,0.53730166,4.0065546,5.5589007e-06,45.401913,0.54524523,2.4923756,3.4700295e-06,45.48837,0.62207454,0.0099404445
GMM_scale_100.00,0.505,0.19999999,0.544899,3.8296719,5.3144e-06,44.88082,0.55162555,2.4520872,3.4082163e-06,44.956394,0.6402865,0.010257859
GMM_scale_100.00,0.505,0.22,0.5532964,3.6460745,5.060619e-06,44.359337,0.55867887,2.4043102,3.3378406e-06,44.420918,0.6594243,0.010594871
GMM_scale_100.00,0.505,0.24,0.56249374,3.4582007,4.8008937e-06,43.831944,0.566405,2.3488498,3.2585344e-06,43.877026,0.6792115,0.010946913
GMM_scale_100.00,0.505,0.26,0.57249105,3.2683294,4.538351e-06,43.291416,0.57480395,2.2857373,3.1702975e-06,43.317993,0.69935954,0.011309959
GMM_scale_100.00,0.505,0.28,0.5832885,3.0785382,4.2758375e-06,42.73138,0.5838758,2.215279,3.0732808e-06,42.738026,0.719588,0.01167924
GMM_scale_100.00,0.505,0.29999998,0.59488577,2.8906803,4.0159066e-06,42.14856,0.5936208,2.1378963,2.967897e-06,42.134716,0.7395824,0.012050286
GMM_scale_100.00,0.505,0.32,0.6072831,2.7063608,3.7607697e-06,41.543762,0.6040393,2.0542507,2.854703e-06,41.5101,0.7590454,0.012418043
GMM_scale_100.00,0.505,0.34,0.6204805,2.526941,3.512311e-06,40.921555,0.61513084,1.9651513,2.7345259e-06,40.870277,0.7776799,0.0127777085
GMM_scale_100.00,0.505,0.35999998,0.6344778,2.3535314,3.2720714e-06,40.28881,0.626895,1.8715287,2.6084113e-06,40.22351,0.7952002,0.013124923
GMM_scale_100.00,0.505,0.38,0.64927524,2.1870098,3.041272e-06,39.6528,0.6393331,1.7743833,2.477459e-06,39.578056,0.8113285,0.01345536
GMM_scale_100.00,0.505,0.39999998,0.6648725,2.0280337,2.8208367e-06,39.019394,0.6524447,1.6747754,2.3428893e-06,38.94013,0.8258124,0.013764586
GMM_scale_100.00,0.505,0.42,0.6812699,1.8770595,2.6114071e-06,38.392105,0.66622955,1.5737783,2.2060945e-06,38.312813,0.8384275,0.014049218
GMM_scale_100.00,0.505,0.44,0.6984673,1.7343694,2.4133865e-06,37.77179,0.68068826,1.4724338,2.0683656e-06,37.6961,0.8489736,0.014306151
GMM_scale_100.00,0.505,0.45999998,0.71646464,1.6000882,2.2269621e-06,37.157295,0.6958205,1.3717592,1.931102e-06,37.087646,0.8573022,0.014532878
GMM_scale_100.00,0.505,0.48,0.7352619,1.474213,2.0521427e-06,36.54618,0.7116267,1.2726811,1.7954702e-06,36.484035,0.86329526,0.014727393
GMM_scale_100.00,0.505,0.5,0.75485927,1.3566301,1.8887825e-06,35.93586,0.72810656,1.1760303,1.6626658e-06,35.882057,0.8668762,0.014888332
GMM_scale_100.00,0.505,0.52,0.7752567,1.2471383,1.736614e-06,35.324375,0.7452606,1.0825365,1.5337802e-06,35.27959,0.8680164,0.015015473
GMM_scale_100.00,0.505,0.53999996,0.796454,1.1454684,1.5952724e-06,34.710846,0.7630886,0.99284256,1.4096554e-06,34.676083,0.86675686,0.015108585
GMM_scale_100.00,0.505,0.56,0.8184514,1.0512993,1.4643223e-06,34.095757,0.78159106,0.9074472,1.2911327e-06,34.072613,0.8631673,0.015169189
GMM_scale_100.00,0.505,0.58,0.8412487,0.96427315,1.343275e-06,33.480732,0.80076814,0.82677335,1.1788093e-06,33.471493,0.8574057,0.01519859
GMM_scale_100.00,0.505,0.59999996,0.864846,0.8840077,1.2316049e-06,32.868256,0.8206191,0.75110984,1.0731983e-06,32.875614,0.8496644,0.0151998
GMM_scale_100.00,0.505,0.62,0.8892434,0.81010693,1.1287686e-06,32.26123,0.8411449,0.68066275,9.746357e-07,32.288006,0.8402135,0.01517627
GMM_scale_100.00,0.505,0.64,0.9144409,0.74217093,1.0342152e-06,31.662582,0.86234546,0.6155407,8.833351e-07,31.711218,0.8293786,0.015132297
GMM_scale_100.00,0.505,0.65999997,0.94043815,0.6798013,9.473934e-07,31.074923,0.88422066,0.55577046,7.993964e-07,31.147081,0.8175484,0.015073036
GMM_scale_100.00,0.505,0.68,0.9672355,0.62260807,8.6776646e-07,30.500307,0.9067707,0.5013065,7.2280415e-07,30.596527,0.80517185,0.015004554
GMM_scale_100.00,0.505,0.7,0.9948329,0.5702132,7.9481015e-07,29.940144,0.92999595,0.4520386,6.534611e-07,30.059687,0.79275364,0.014933317
GMM_scale_100.00,0.505,0.71999997,1.0232302,0.52225393,7.2802123e-07,29.395124,0.95389616,0.4078231,5.911847e-07,29.536003,0.7808904,0.014867611
GMM_scale_100.00,0.505,0.74,1.0524276,0.47838458,6.669224e-07,28.865368,0.97847193,0.3684546,5.3570074e-07,29.02452,0.77020586,0.014815693
GMM_scale_100.00,0.505,0.76,1.0824249,0.4382794,6.110607e-07,28.350565,1.0037231,0.33370706,4.8670597e-07,28.524097,0.7614026,0.014786925
GMM_scale_100.00,0.505,0.78,1.1132224,0.40163118,5.6000954e-07,27.850046,1.0296497,0.30332634,4.4384552e-07,28.033573,0.755236,0.014790746
GMM_scale_100.00,0.505,0.79999995,1.1448195,0.36815307,5.1337116e-07,27.362984,1.0562524,0.2770437,4.067471e-07,27.55197,0.7525231,0.014838562
GMM_scale_100.00,0.505,0.82,1.177217,0.33757812,4.7077395e-07,26.888496,1.0835307,0.25457808,3.7498754e-07,27.07857,0.7541309,0.014940907
GMM_scale_100.00,0.505,0.84,1.2104143,0.3096585,4.3187376e-07,26.42574,1.1114854,0.23564401,3.4816046e-07,26.612898,0.7609803,0.015109319
GMM_scale_100.00,0.505,0.85999995,1.2444116,0.28416526,3.9635214e-07,25.973955,1.1401157,0.21995802,3.258485e-07,26.154795,0.77404964,0.015355467
GMM_scale_100.00,0.505,0.88,1.2792089,0.2608871,3.6391492e-07,25.532484,1.1694229,0.20724069,3.0763604e-07,25.704327,0.7943693,0.01569085
GMM_scale_100.00,0.505,0.9,1.3148065,0.23962986,3.3429245e-07,25.100807,1.1994067,0.19722378,2.931819e-07,25.261763,0.82303506,0.01612871
GMM_scale_100.00,0.505,0.91999996,1.3512037,0.22021548,3.0723675e-07,24.678518,1.2300665,0.18963948,2.8208012e-07,24.827503,0.86115414,0.016679145
GMM_scale_100.00,0.505,0.94,1.3884012,0.20248042,2.825199e-07,24.265293,1.261404,0.18423998,2.7401825e-07,24.402029,0.90991503,0.017354459
GMM_scale_100.00,0.505,0.96,1.4263984,0.18627563,2.599346e-07,23.86093,1.2934179,0.180784,2.6867653e-07,23.985857,0.9705188,0.018166106
GMM_scale_100.00,0.505,0.97999996,1.4651958,0.17146462,2.3929087e-07,23.465254,1.3261098,0.1790509,2.6576106e-07,23.579525,1.0442439,0.019124957
GMM_scale_100.00,0.505,1.0,1.5047932,0.15792288,2.2041517e-07,23.078165,1.3594785,0.17883143,2.6502104e-07,23.183458,1.1323972,0.020243619
GMM_scale_100.00,0.505,1.02,1.5451906,0.14553724,2.0314985e-07,22.699577,1.393525,0.1799296,2.661838e-07,22.798058,1.2363131,0.021532511
GMM_scale_100.00,0.505,1.04,1.5863876,0.13420424,1.8735116e-07,22.329449,1.428249,0.18216445,2.6902532e-07,22.423594,1.3573673,0.023003431
GMM_scale_100.00,0.505,1.06,1.6283851,0.123830035,1.7288816e-07,21.967749,1.463651,0.1853751,2.7333576e-07,22.06024,1.4970124,0.024668958
GMM_scale_100.00,0.505,1.0799999,1.6711822,0.11432905,1.5964171e-07,21.61445,1.4997312,0.18940924,2.7888697e-07,21.708044,1.6567026,0.026541177
GMM_scale_100.00,0.505,1.1,1.7147802,0.105623566,1.475036e-07,21.269531,1.5364902,0.1941279,2.8551776e-07,21.36694,1.8379222,0.028634341
GMM_scale_100.00,0.505,1.12,1.7591773,0.09764304,1.3637555e-07,20.932962,1.5739267,0.19940612,2.9302151e-07,21.03678,2.0421948,0.03096124
GMM_scale_100.00,0.505,1.14,1.8043748,0.090323195,1.2616793e-07,20.604708,1.6120428,0.2051331,3.0124332e-07,20.71729,2.271101,0.033535503
GMM_scale_100.00,0.505,1.16,1.8503718,0.08360579,1.1679977e-07,20.284718,1.6508373,0.2112084,3.1003177e-07,20.40812,2.5262413,0.036372602
GMM_scale_100.00,0.505,1.18,1.8971692,0.07743778,1.0819712e-07,19.972935,1.6903107,0.21753937,3.19257e-07,20.108868,2.8092148,0.039486323
GMM_scale_100.00,0.505,1.1999999,1.9447665,0.07177106,1.00293e-07,19.66927,1.7304645,0.22404999,3.2879592e-07,19.819057,3.1217315,0.042895187
GMM_scale_100.00,0.505,1.22,1.9931641,0.066561885,9.3026244e-08,19.37363,1.7712975,0.23066926,3.3852965e-07,19.538195,3.4654856,0.046611834
GMM_scale_100.00,0.505,1.24,2.0423613,0.061770525,8.634195e-08,19.0859,1.8128101,0.23733084,3.483667e-07,19.265749,3.8421373,0.05065292
GMM_scale_100.00,0.505,1.26,2.0923586,0.05736086,8.018956e-08,18.805948,1.8550019,0.2439847,3.582303e-07,19.001202,4.2535048,0.05503663
GMM_scale_100.00,0.505,1.28,2.143156,0.053300086,7.452337e-08,18.53364,1.8978747,0.2505838,3.6802535e-07,18.744009,4.701377,0.05977808
GMM_scale_100.00,0.505,1.3,2.1947532,0.049558334,6.93018e-08,18.268799,1.9414284,0.25708503,3.7770903e-07,18.493668,5.1875234,0.06489678
GMM_scale_100.00,0.505,1.3199999,2.2471507,0.046108454,6.448699e-08,18.011269,1.985663,0.26345253,3.8721237e-07,18.249681,5.7137575,0.07040851
GMM_scale_100.00,0.505,1.3399999,2.300348,0.04292573,6.004459e-08,17.760864,2.0305774,0.26966316,3.9649683e-07,18.011606,6.2820864,0.07632888
GMM_scale_100.00,0.505,1.36,2.3543456,0.039987694,5.5943257e-08,17.517397,2.0761743,0.27568376,4.0550583e-07,17.779001,6.894215,0.08267891
GMM_scale_100.00,0.505,1.38,2.409143,0.037273906,5.2154594e-08,17.280691,2.1224518,0.28150105,4.1422484e-07,17.551487,7.5522285,0.08947427
GMM_scale_100.00,0.505,1.4,2.4647403,0.034765694,4.8652502e-08,17.050531,2.1694121,0.28709564,4.2262542e-07,17.328733,8.258016,0.096737124
GMM_scale_100.00,0.505,1.42,2.5211377,0.032446086,4.5413334e-08,16.826735,2.2170532,0.29245406,4.3067075e-07,17.11044,9.013539,0.10448131
GMM_scale_100.00,0.505,1.4399999,2.5783348,0.03029957,4.2415518e-08,16.60909,2.2653768,0.2975665,4.383595e-07,16.896332,9.820816,0.11272786
GMM_scale_100.00,0.505,1.4599999,2.6363323,0.028312052,3.963946e-08,16.397411,2.3143826,0.30242673,4.4567594e-07,16.68622,10.681908,0.12149642
GMM_scale_100.00,0.505,1.48,2.6951294,0.026470616,3.706706e-08,16.191486,2.3640714,0.30702963,4.5261444e-07,16.479904,11.598885,0.1308033
GMM_scale_100.00,0.505,1.5,2.754727,0.024763519,3.468207e-08,15.99112,2.4144433,0.31136984,4.591591e-07,16.277256,12.573731,0.14067166
GMM_scale_100.00,0.505,1.52,2.815124,0.023180004,3.2469448e-08,15.796125,2.4654987,0.31544775,4.653081e-07,16.078152,13.608615,0.15111601
GMM_scale_100.00,0.505,1.54,2.8763216,0.02171025,3.0415478e-08,15.60629,2.5172358,0.319266,4.7108094e-07,15.882508,14.705771,0.1621647
GMM_scale_100.00,0.505,1.56,2.938319,0.020345274,2.850769e-08,15.421435,2.5696583,0.3228237,4.7645676e-07,15.690257,15.867257,0.17382802
GMM_scale_100.00,0.505,1.5799999,3.001116,0.019076858,2.6734659e-08,15.241353,2.6227646,0.32612407,4.8144517e-07,15.501356,17.095272,0.18613128
GMM_scale_100.00,0.505,1.5999999,3.0647135,0.01789749,2.5085845e-08,15.065882,2.676555,0.32916883,4.8605597e-07,15.315776,18.3919,0.19908898
GMM_scale_100.00,0.505,1.62,3.1291113,0.016800275,2.3551674e-08,14.894816,2.7310307,0.33196738,4.902971e-07,15.13349,19.75964,0.21273397
GMM_scale_100.00,0.505,1.64,3.1943083,0.01577891,2.2123372e-08,14.727989,2.7861912,0.3345238,4.9417457e-07,14.95448,21.200691,0.22707748
GMM_scale_100.00,0.505,1.66,3.260306,0.014827606,2.0792873e-08,14.565213,2.8420365,0.33684134,4.976922e-07,14.778739,22.717176,0.24213792
GMM_scale_100.00,0.505,1.68,3.3271027,0.013941064,1.9552775e-08,14.406326,2.8985684,0.33892763,5.0085964e-07,14.606263,24.31146,0.25794616
GMM_scale_100.00,0.505,1.6999999,3.3947008,0.013114402,1.8396266e-08,14.251155,2.9557846,0.34079266,5.037039e-07,14.4370365,25.986137,0.27452075
GMM_scale_100.00,0.505,1.7199999,3.4630976,0.012343152,1.7317113e-08,14.099547,3.0136876,0.34244066,5.062166e-07,14.271052,27.743372,0.29188293
GMM_scale_100.00,0.505,1.74,3.5322952,0.011623199,1.6309604e-08,13.951334,3.072278,0.34387803,5.084167e-07,14.108287,29.58549,0.31004888
GMM_scale_100.00,0.505,1.76,3.6022925,0.0109507805,1.5368489e-08,13.80638,3.1315541,0.34511372,5.103092e-07,13.948724,31.514988,0.3290492
GMM_scale_100.00,0.505,1.78,3.6730897,0.010322404,1.4488865e-08,13.664529,3.1915176,0.34615567,5.119135e-07,13.792342,33.534405,0.3489004
GMM_scale_100.00,0.505,1.8,3.7446873,0.009734888,1.3666329e-08,13.525655,3.2521694,0.34701106,5.1323025e-07,13.639106,35.64613,0.3696324
GMM_scale_100.00,0.505,1.8199999,3.8170843,0.009185263,1.2896745e-08,13.389617,3.3135068,0.34768823,5.1428594e-07,13.488987,37.852833,0.39125982
GMM_scale_100.00,0.505,1.8399999,3.8902814,0.008670838,1.2176342e-08,13.25629,3.3755338,0.3481924,5.150797e-07,13.341933,40.15672,0.41381302
GMM_scale_100.00,0.505,1.86,3.9642792,0.0081891,1.15016e-08,13.125568,3.4382496,0.34853235,5.15624e-07,13.197907,42.56052,0.43730152
GMM_scale_100.00,0.505,1.88,4.0390763,0.007737748,1.0869336e-08,12.997333,3.5016541,0.3487147,5.159393e-07,13.056856,45.066692,0.461782
GMM_scale_100.00,0.505,1.9,4.114674,0.0073146424,1.0276559e-08,12.871474,3.5657468,0.34874833,5.1602126e-07,12.918726,47.67811,0.48723957
GMM_scale_100.00,0.505,1.92,4.191071,0.0069178254,9.720534e-09,12.747905,3.630528,0.348639,5.15895e-07,12.783454,50.397198,0.51371264
GMM_scale_100.00,0.505,1.9399999,4.268268,0.0065454775,9.198711e-09,12.626531,3.6960006,0.3483939,5.155587e-07,12.650986,53.226658,0.541235
GMM_scale_100.00,0.505,1.9599999,4.346266,0.0061959215,8.708753e-09,12.507259,3.7621636,0.34801856,5.1502894e-07,12.521245,56.168976,0.56981206
GMM_scale_100.00,0.505,1.9799999,4.425062,0.0058675995,8.248508e-09,12.390026,3.8290148,0.34752074,5.143117e-07,12.394175,59.227074,0.5994874
GMM_scale_100.00,0.505,2.0,4.5046606,0.005559076,7.815947e-09,12.27474,3.8965592,0.34690666,5.134228e-07,12.26971,62.403656,0.6302812
GMM_scale_10.00,0.55,0.0,0.5499222,3.3810668,4.7166204e-06,85.012695,0.60585093,1.2554339,1.7754605e-06,85.57036,0.37131295,0.0059314133
GMM_scale_10.00,0.55,0.02,0.55032,3.3737025,4.703712e-06,84.71741,0.6062791,1.2557505,1.779548e-06,85.41223,0.37221733,0.005957511
GMM_scale_10.00,0.55,0.04,0.551518,3.351517,4.6705186e-06,84.321106,0.6075871,1.255289,1.7806329e-06,85.15281,0.37454352,0.006009568
GMM_scale_10.00,0.55,0.06,0.55351585,3.3149004,4.6175865e-06,83.83237,0.60977477,1.2537994,1.7786414e-06,84.79715,0.3782314,0.0060867746
GMM_scale_10.00,0.55,0.08,0.55631363,3.2644868,4.545791e-06,83.26084,0.6128424,1.2508883,1.7734452e-06,84.35128,0.3831807,0.0061879144
GMM_scale_10.00,0.55,0.099999994,0.5599116,3.2011337,4.4563026e-06,82.61679,0.6167899,1.2460883,1.7648626e-06,83.82217,0.38926467,0.0063115205
GMM_scale_10.00,0.55,0.12,0.5643095,3.1258895,4.3505556e-06,81.910416,0.6216174,1.2388444,1.7526238e-06,83.217155,0.3963174,0.0064552817
GMM_scale_10.00,0.55,0.14,0.56950736,3.0399609,4.230194e-06,81.15176,0.6273248,1.2285895,1.7363391e-06,82.54385,0.4041465,0.006616441
GMM_scale_10.00,0.55,0.16,0.57550526,2.944672,4.0970262e-06,80.35018,0.63391244,1.2148037,1.7156672e-06,81.80981,0.41254294,0.0067919074
GMM_scale_10.00,0.55,0.17999999,0.5823032,2.8414235,3.952957e-06,79.51416,0.6413801,1.1970308,1.6902013e-06,81.02233,0.42127857,0.006978038
GMM_scale_10.00,0.55,0.19999999,0.589901,2.7316585,3.7999584e-06,78.65113,0.6497279,1.174934,1.6595355e-06,80.1882,0.43011746,0.007170742
GMM_scale_10.00,0.55,0.22,0.5982989,2.6168141,3.6399988e-06,77.76742,0.65895605,1.1483022,1.6233662e-06,79.3138,0.43881688,0.007365759
GMM_scale_10.00,0.55,0.24,0.6074968,2.4982996,3.4750008e-06,76.868164,0.66906446,1.1170931,1.581532e-06,78.40471,0.44714135,0.007558659
GMM_scale_10.00,0.55,0.26,0.61749464,2.3774574,3.306812e-06,75.95741,0.68005335,1.0813955,1.5339623e-06,77.46603,0.4548538,0.0077450443
GMM_scale_10.00,0.55,0.28,0.6282925,2.2555437,3.137157e-06,75.038216,0.6919228,1.0414891,1.4808038e-06,76.50222,0.46174636,0.007920638
GMM_scale_10.00,0.55,0.29999998,0.6398904,2.1337092,2.967622e-06,74.11271,0.70467275,0.9977518,1.4224186e-06,75.51719,0.46761376,0.0080814175
GMM_scale_10.00,0.55,0.32,0.65228826,2.0129845,2.7996296e-06,73.18233,0.7183035,0.9507158,1.3593141e-06,74.51436,0.47229165,0.008224017
GMM_scale_10.00,0.55,0.34,0.66548616,1.8942744,2.6344314e-06,72.247894,0.7328151,0.9009719,1.2920924e-06,73.496765,0.47562903,0.008344837
GMM_scale_10.00,0.55,0.35999998,0.679484,1.7783543,2.4731025e-06,71.30995,0.74820757,0.8491796,1.22154e-06,72.46719,0.4775087,0.008441351
GMM_scale_10.00,0.55,0.38,0.6942819,1.6658702,2.3165433e-06,70.368645,0.76448107,0.79606116,1.1485953e-06,71.42812,0.47786507,0.008511889
GMM_scale_10.00,0.55,0.39999998,0.7098797,1.5573443,2.1654796e-06,69.42412,0.7816359,0.7423037,1.074088e-06,70.38192,0.47664714,0.008554763
GMM_scale_10.00,0.55,0.42,0.7262776,1.4531841,2.020479e-06,68.476456,0.7996719,0.6886056,9.99025e-07,69.3308,0.47385985,0.008569378
GMM_scale_10.00,0.55,0.44,0.74347556,1.3536872,1.8819633e-06,67.52585,0.8185894,0.63559955,9.2428195e-07,68.276985,0.46953207,0.008555779
GMM_scale_10.00,0.55,0.45999998,0.7614734,1.2590559,1.7502142e-06,66.57271,0.8383884,0.58389056,8.5075334e-07,67.22253,0.46375272,0.008514693
GMM_scale_10.00,0.55,0.48,0.78027123,1.1694055,1.6253979e-06,65.61758,0.85906905,0.53400195,7.7922755e-07,66.16952,0.45664397,0.008447724
GMM_scale_10.00,0.55,0.5,0.7998691,1.0847778,1.5075751e-06,64.6612,0.88063145,0.48637098,7.103791e-07,65.119995,0.44836,0.00835673
GMM_scale_10.00,0.55,0.52,0.82026696,1.0051503,1.3967167e-06,63.704597,0.9030759,0.4413703,6.448798e-07,64.07588,0.43910876,0.008244954
GMM_scale_10.00,0.55,0.53999996,0.84146494,0.93044764,1.29272e-06,62.748943,0.92640233,0.39927956,5.8315356e-07,63.03908,0.42912632,0.008115675
GMM_scale_10.00,0.55,0.56,0.86346287,0.86055136,1.1954221e-06,61.79555,0.95061123,0.36031023,5.256452e-07,62.01138,0.41869694,0.007973482
GMM_scale_10.00,0.55,0.58,0.8862606,0.7953092,1.1046128e-06,60.845875,0.9757024,0.32459757,4.7260957e-07,60.994476,0.4081401,0.0078228675
GMM_scale_10.00,0.55,0.59999996,0.9098586,0.73454285,1.0200434e-06,59.901382,1.0016763,0.2922043,4.2426012e-07,59.989857,0.3978043,0.0076697883
GMM_scale_10.00,0.55,0.62,0.93425643,0.6780537,9.4143786e-07,58.963627,1.0285327,0.2631429,3.806939e-07,58.998955,0.38808566,0.007520589
GMM_scale_10.00,0.55,0.64,0.9594543,0.6256326,8.685046e-07,58.034103,1.0562726,0.23736733,3.4193638e-07,58.022964,0.3794037,0.007382088
GMM_scale_10.00,0.55,0.65999997,0.9854521,0.5770607,8.009382e-07,57.11428,1.0848953,0.21478982,3.0794587e-07,57.062958,0.37221357,0.0072619645
GMM_scale_10.00,0.55,0.68,1.0122502,0.5321165,7.384308e-07,56.205452,1.114401,0.19528659,2.78605e-07,56.119816,0.36699972,0.007168306
GMM_scale_10.00,0.55,0.7,1.039848,0.49057913,6.806726e-07,55.308884,1.1447899,0.17870755,2.5375803e-07,55.194283,0.36427876,0.00710933
GMM_scale_10.00,0.55,0.71999997,1.0682458,0.4522303,6.2735904e-07,54.42564,1.1760631,0.16488013,2.3318309e-07,54.286938,0.36459327,0.007094261
GMM_scale_10.00,0.55,0.74,1.0974437,0.41685736,5.7819346e-07,53.556694,1.2082202,0.15361811,2.1662048e-07,53.398167,0.3685148,0.0071315747
GMM_scale_10.00,0.55,0.76,1.1274415,0.38425523,5.32889e-07,52.702827,1.2412604,0.14472544,2.0376473e-07,52.52831,0.37663883,0.0072301105
GMM_scale_10.00,0.55,0.78,1.1582394,0.35422617,4.9116977e-07,51.86469,1.2751855,0.13800251,1.9429058e-07,51.677483,0.3895887,0.0073982095
GMM_scale_10.00,0.55,0.79999995,1.1898372,0.32658267,4.527731e-07,51.042793,1.3099957,0.1332457,1.8781961e-07,50.84574,0.40799993,0.0076433215
GMM_scale_10.00,0.55,0.82,1.2222352,0.30114645,4.1745037e-07,50.237507,1.3456901,0.13026018,1.8400887e-07,50.03306,0.43254763,0.007973113
GMM_scale_10.00,0.55,0.84,1.2554331,0.27774993,3.8496705e-07,49.44908,1.3822696,0.12885231,1.8250721e-07,49.239304,0.4639148,0.008394308
GMM_scale_10.00,0.55,0.85999995,1.289431,0.2562352,3.5510288e-07,48.677628,1.4197345,0.12883851,1.8298984e-07,48.46425,0.50281346,0.008913565
GMM_scale_10.00,0.55,0.88,1.3242289,0.23645487,3.276523e-07,47.92317,1.4580829,0.13004552,1.8516809e-07,47.707657,0.5499803,0.009537743
GMM_scale_10.00,0.55,0.9,1.3598266,0.21827142,3.0242296e-07,47.185688,1.4973205,0.13230531,1.8878255e-07,46.969223,0.6061504,0.010273714
GMM_scale_10.00,0.55,0.91999996,1.3962246,0.2015568,2.792364e-07,46.46504,1.5374418,0.13546719,1.9360382e-07,46.2486,0.67210424,0.011128863
GMM_scale_10.00,0.55,0.94,1.4334226,0.18619235,2.5792698e-07,45.761032,1.5784497,0.13938856,1.9944535e-07,45.54541,0.7486267,0.012111306
GMM_scale_10.00,0.55,0.96,1.4714205,0.1720683,2.3834151e-07,45.07343,1.620343,0.14393897,2.0611222e-07,44.85928,0.83652234,0.01322939
GMM_scale_10.00,0.55,0.97999996,1.5102183,0.15908307,2.2033856e-07,44.40195,1.6631234,0.14899951,2.1346068e-07,44.189774,0.9366145,0.014492095
GMM_scale_10.00,0.55,1.0,1.5498163,0.14714292,2.037875e-07,43.746273,1.7067921,0.15446284,2.2136018e-07,43.536476,1.0497471,0.015910171
GMM_scale_10.00,0.55,1.02,1.5902139,0.13616176,1.8856831e-07,43.10607,1.7513477,0.16023076,2.2966977e-07,42.898994,1.1767677,0.017492637
GMM_scale_10.00,0.55,1.04,1.6314117,0.1260601,1.7457e-07,42.480995,1.79679,0.16621971,2.3829023e-07,42.276855,1.3185751,0.019250635
GMM_scale_10.00,0.55,1.06,1.6734097,0.11676506,1.6169145e-07,41.870655,1.8431199,0.17235003,2.4711917e-07,41.669674,1.4760412,0.021195065
GMM_scale_10.00,0.55,1.0799999,1.7162074,0.10820967,1.4983928e-07,41.27471,1.8903382,0.17855458,2.560633e-07,41.077023,1.6500797,0.023337254
GMM_scale_10.00,0.55,1.1,1.7598056,0.10033252,1.3892827e-07,40.692757,1.9384449,0.18477432,2.650437e-07,40.49848,1.8416195,0.02568873
GMM_scale_10.00,0.55,1.12,1.8042035,0.093077295,1.2887972e-07,40.12444,1.9874394,0.19095568,2.7398642e-07,39.93362,2.0515819,0.028260643
GMM_scale_10.00,0.55,1.14,1.8494014,0.08639233,1.1962214e-07,39.56937,2.0373237,0.1970547,2.8283273e-07,39.38209,2.2809281,0.031066092
GMM_scale_10.00,0.55,1.16,1.8953992,0.08023046,1.11089705e-07,39.027206,2.0880952,0.20303369,2.9152457e-07,38.84348,2.530631,0.034115255
GMM_scale_10.00,0.55,1.18,1.9421968,0.07454828,1.032223e-07,38.497536,2.1397576,0.20886101,3.0002377e-07,38.31741,2.8016877,0.037421733
GMM_scale_10.00,0.55,1.1999999,1.9897947,0.06930629,9.5965e-08,37.98005,2.1923106,0.2145108,3.0828002e-07,37.803505,3.0951128,0.040997658
GMM_scale_10.00,0.55,1.22,2.038193,0.06446815,8.926727e-08,37.47438,2.2457545,0.21995912,3.1626473e-07,37.301437,3.4119036,0.044856012
GMM_scale_10.00,0.55,1.24,2.0873907,0.060000785,8.3083165e-08,36.9802,2.3000872,0.22518915,3.239514e-07,36.810833,3.7531035,0.049008027
GMM_scale_10.00,0.55,1.26,2.1373887,0.055873778,7.737072e-08,36.49718,2.3553128,0.23018691,3.313205e-07,36.33137,4.119766,0.053467937
GMM_scale_10.00,0.55,1.28,2.1881862,0.05205941,7.209117e-08,36.024986,2.411425,0.2349407,3.3834218e-07,35.862736,4.512934,0.05824687
GMM_scale_10.00,0.55,1.3,2.2397842,0.048532262,6.720935e-08,35.563316,2.4684336,0.23944558,3.450223e-07,35.40458,4.93374,0.06336014
GMM_scale_10.00,0.55,1.3199999,2.292182,0.045269042,6.269303e-08,35.111897,2.526332,0.24369277,3.5133203e-07,34.956635,5.38321,0.06881943
GMM_scale_10.00,0.55,1.3399999,2.3453798,0.042248536,5.8512722e-08,34.670403,2.585122,0.24768367,3.5728988e-07,34.518604,5.862539,0.07463854
GMM_scale_10.00,0.55,1.36,2.3993778,0.039451253,5.4641404e-08,34.238564,2.644807,0.2514126,3.628593e-07,34.09017,6.3727407,0.08082996
GMM_scale_10.00,0.55,1.38,2.4541757,0.03685938,5.1054464e-08,33.8161,2.7053828,0.25488737,3.6807444e-07,33.671093,6.9151297,0.08740858
GMM_scale_10.00,0.55,1.4,2.5097735,0.034456585,4.7729202e-08,33.402786,2.766853,0.2581034,3.7291642e-07,33.26111,7.4906845,0.0943893
GMM_scale_10.00,0.55,1.42,2.566171,0.03222792,4.464489e-08,32.998318,2.8292136,0.26106858,3.7739508e-07,32.85994,8.100697,0.10178484
GMM_scale_10.00,0.55,1.4399999,2.6233692,0.030159678,4.1782613e-08,32.60248,2.892472,0.26378554,3.8151677e-07,32.467346,8.746298,0.109607615
GMM_scale_10.00,0.55,1.4599999,2.6813672,0.028239325,3.912499e-08,32.215015,2.9566224,0.2662619,3.852855e-07,32.083084,9.428763,0.11787539
GMM_scale_10.00,0.55,1.48,2.7401655,0.026455333,3.6656008e-08,31.835724,3.0216713,0.2685028,3.887142e-07,31.706923,10.149288,0.12660247
GMM_scale_10.00,0.55,1.5,2.799763,0.024797186,3.4361157e-08,31.46436,3.0876124,0.27051282,3.9180404e-07,31.338654,10.909013,0.13579845
GMM_scale_10.00,0.55,1.52,2.860161,0.023255179,3.2226982e-08,31.100702,3.1544476,0.27230176,3.9457234e-07,30.978043,11.709295,0.14548391
GMM_scale_10.00,0.55,1.54,2.9213586,0.021820428,3.024119e-08,30.744562,3.222181,0.27387923,3.970304e-07,30.624866,12.551506,0.15567547
GMM_scale_10.00,0.55,1.56,2.9833567,0.020484788,2.8392538e-08,30.39571,3.2908113,0.2752459,3.9917953e-07,30.278954,13.4366,0.16638029
GMM_scale_10.00,0.55,1.5799999,3.0461543,0.019240743,2.667056e-08,30.053976,3.3603387,0.27641535,4.0103544e-07,29.94008,14.366148,0.17762084
GMM_scale_10.00,0.55,1.5999999,3.109752,0.018081432,2.5065832e-08,29.719158,3.4307613,0.27739558,4.026129e-07,29.60807,15.34146,0.18940824
GMM_scale_10.00,0.55,1.62,3.1741502,0.017000522,2.3569516e-08,29.39108,3.5020828,0.27819213,4.0392126e-07,29.282734,16.36374,0.20176275
GMM_scale_10.00,0.55,1.64,3.2393484,0.015992189,2.2173635e-08,29.06957,3.5743046,0.2788151,4.0497218e-07,28.963894,17.434454,0.21469896
GMM_scale_10.00,0.55,1.66,3.305346,0.015051088,2.0870711e-08,28.754436,3.6474206,0.27926987,4.05772e-07,28.651375,18.554796,0.22822729
GMM_scale_10.00,0.55,1.68,3.372144,0.014172283,1.9654e-08,28.445534,3.7214377,0.27956945,4.0634268e-07,28.344997,19.726494,0.242375
GMM_scale_10.00,0.55,1.6999999,3.4397416,0.013351247,1.8517204e-08,28.142675,3.796355,0.27971527,4.0668397e-07,28.04462,20.950499,0.2571506
GMM_scale_10.00,0.55,1.7199999,3.5081394,0.012583782,1.7454504e-08,27.845726,3.8721733,0.27971798,4.068162e-07,27.750074,22.22845,0.27257395
GMM_scale_10.00,0.55,1.74,3.5773375,0.011866045,1.6460595e-08,27.55453,3.9488862,0.2795857,4.0674234e-07,27.461206,23.561827,0.28865868
GMM_scale_10.00,0.55,1.76,3.6473355,0.011194487,1.5530558e-08,27.26893,4.026507,0.2793245,4.0647637e-07,27.177876,24.95197,0.3054262
GMM_scale_10.00,0.55,1.78,3.7181334,0.010565822,1.4659871e-08,26.988787,4.105027,0.278942,4.060281e-07,26.899927,26.400406,0.322892
GMM_scale_10.00,0.55,1.8,3.7897313,0.009977027,1.384435e-08,26.713964,4.1844487,0.27844474,4.0541255e-07,26.627216,27.908588,0.34107235
GMM_scale_10.00,0.55,1.8199999,3.8621287,0.009425309,1.3080138e-08,26.444334,4.2647676,0.27783975,4.0463874e-07,26.359627,29.478054,0.35999385
GMM_scale_10.00,0.55,1.8399999,3.9353268,0.008908083,1.2363606e-08,26.179754,4.345993,0.2771316,4.037009e-07,26.097021,31.110126,0.37966025
GMM_scale_10.00,0.55,1.86,4.009325,0.008422962,1.1691527e-08,25.920105,4.428125,0.27632776,4.0261835e-07,25.839256,32.80648,0.4000911
GMM_scale_10.00,0.55,1.88,4.0841227,0.007967743,1.1060813e-08,25.665253,4.511162,0.27543488,4.0140762e-07,25.58624,34.568745,0.42132133
GMM_scale_10.00,0.55,1.9,4.1597204,0.0075403834,1.0468657e-08,25.41509,4.595093,0.27445826,4.0007345e-07,25.33783,36.39845,0.44335908
GMM_scale_10.00,0.55,1.92,4.2361183,0.007138995,9.912439e-09,25.1695,4.679941,0.27340144,3.9860902e-07,25.093899,38.29691,0.46621105
GMM_scale_10.00,0.55,1.9399999,4.313316,0.0067618215,9.389731e-09,24.928362,4.7656817,0.2722713,3.9703966e-07,24.85438,40.265972,0.48991832
GMM_scale_10.00,0.55,1.9599999,4.391314,0.006407249,8.898299e-09,24.69157,4.852334,0.2710717,3.9536468e-07,24.619106,42.307037,0.5144807
GMM_scale_10.00,0.55,1.9799999,4.4701114,0.006073773,8.436067e-09,24.459019,4.9398923,0.2698087,3.9359094e-07,24.38801,44.42193,0.53992367
GMM_scale_10.00,0.55,2.0,4.54971,0.005759994,8.001095e-09,24.2306,5.028361,0.2684857,3.9173216e-07,24.16098,46.61215,0.56627923
GMM_scale_2.00,0.75,0.0,0.7499077,1.0459175,1.5133338e-06,99.60872,0.75797457,0.12451534,1.8171606e-07,99.60852,0.11904891,0.0021689173
GMM_scale_2.00,0.75,0.02,0.75030655,1.0448686,1.5098811e-06,99.54184,0.75865954,0.12586512,1.8373206e-07,99.544334,0.120460235,0.002201112
GMM_scale_2.00,0.75,0.04,0.7515054,1.0412407,1.5025837e-06,99.37297,0.7607315,0.12928279,1.8760859e-07,99.37914,0.12416225,0.002276348
GMM_scale_2.00,0.75,0.06,0.75350416,1.0350662,1.4915105e-06,99.104324,0.7641907,0.13456655,1.934179e-07,99.115875,0.13000767,0.0023935966
GMM_scale_2.00,0.75,0.08,0.756303,1.0263994,1.4767642e-06,98.73934,0.769037,0.141394,2.011772e-07,98.7586,0.1377573,0.0025512308
GMM_scale_2.00,0.75,0.099999994,0.7599018,1.0153172,1.4584838e-06,98.28242,0.7752706,0.14935996,2.1078458e-07,98.312325,0.14710669,0.0027456556
GMM_scale_2.00,0.75,0.12,0.7643006,1.001917,1.4368396e-06,97.73896,0.7828914,0.15801443,2.2192695e-07,97.78283,0.1577121,0.00297149
GMM_scale_2.00,0.75,0.14,0.7694995,0.9863162,1.4120305e-06,97.11494,0.79189974,0.16687816,2.340678e-07,97.1763,0.16919337,0.0032213735
GMM_scale_2.00,0.75,0.16,0.7754983,0.96864855,1.3842803e-06,96.41687,0.8022956,0.17549442,2.4653264e-07,96.49914,0.1811745,0.0034868175
GMM_scale_2.00,0.75,0.17999999,0.78229713,0.9490639,1.3538355e-06,95.65165,0.814079,0.1834555,2.5863008e-07,95.75784,0.19330153,0.0037593544
GMM_scale_2.00,0.75,0.19999999,0.78989595,0.92772466,1.320957e-06,94.826256,0.8272503,0.19042411,2.696568e-07,94.95867,0.2052593,0.004030715
GMM_scale_2.00,0.75,0.22,0.7982948,0.9048044,1.2859213e-06,93.947655,0.8418093,0.19614592,2.790459e-07,94.10775,0.21678267,0.004293748
GMM_scale_2.00,0.75,0.24,0.80749357,0.8804836,1.2490123e-06,93.022705,0.85775614,0.20045958,2.8637464e-07,93.210976,0.22766986,0.0045424975
GMM_scale_2.00,0.75,0.26,0.8174925,0.8549492,1.2105166e-06,92.05803,0.8750912,0.20329824,2.9139568e-07,92.27372,0.23778985,0.0047728876
GMM_scale_2.00,0.75,0.28,0.8282913,0.8283892,1.1707217e-06,91.05979,0.8938143,0.20468311,2.9399845e-07,91.30114,0.24708568,0.004982063
GMM_scale_2.00,0.75,0.29999998,0.83989,0.80099285,1.1299111e-06,90.03379,0.91392595,0.20470814,2.9428207e-07,90.29803,0.255568,0.005169638
GMM_scale_2.00,0.75,0.32,0.85228896,0.7729457,1.0883589e-06,88.985405,0.9354262,0.20352462,2.9244597e-07,89.26894,0.26331037,0.00533622
GMM_scale_2.00,0.75,0.34,0.86548775,0.7444296,1.0463301e-06,87.91953,0.958315,0.20132731,2.887663e-07,88.218025,0.27044508,0.005483868
GMM_scale_2.00,0.75,0.35999998,0.8794865,0.71561825,1.0040744e-06,86.84051,0.98259264,0.19833298,2.8362882e-07,87.149254,0.27714914,0.0056160353
GMM_scale_2.00,0.75,0.38,0.8942853,0.68667716,9.618257e-07,85.752396,1.0082594,0.19477424,2.7743445e-07,86.06622,0.28364748,0.0057370067
GMM_scale_2.00,0.75,0.39999998,0.9098843,0.6577616,9.1980024e-07,84.65864,1.0353156,0.19087146,2.706132e-07,84.97238,0.29018337,0.0058523687
GMM_scale_2.00,0.75,0.42,0.92628306,0.6290152,8.7819666e-07,83.5624,1.0637611,0.18683496,2.6354124e-07,83.8709,0.29702774,0.005967126
GMM_scale_2.00,0.75,0.44,0.9434818,0.6005696,8.3719215e-07,82.46644,1.0935962,0.18285738,2.5662925e-07,82.764725,0.30447325,0.0060880627
GMM_scale_2.00,0.75,0.45999998,0.96148056,0.57254297,7.9694314e-07,81.37313,1.1248213,0.17909665,2.5014864e-07,81.65646,0.3128091,0.006220734
GMM_scale_2.00,0.75,0.48,0.98027945,0.5450407,7.5758936e-07,80.28463,1.1574364,0.17568563,2.4438395e-07,80.54862,0.32233486,0.0063716397
GMM_scale_2.00,0.75,0.5,0.9998784,0.51815444,7.1924524e-07,79.20274,1.1914419,0.1727264,2.3949565e-07,79.4434,0.33334926,0.006546281
GMM_scale_2.00,0.75,0.52,1.0202771,0.49196312,6.820123e-07,78.12911,1.2268379,0.17028551,2.3559448e-07,78.34272,0.3461347,0.006749999
GMM_scale_2.00,0.75,0.53999996,1.0414759,0.46653262,6.459692e-07,77.06511,1.2636244,0.16841216,2.3272452e-07,77.24845,0.3609869,0.0069878222
GMM_scale_2.00,0.75,0.56,1.0634748,0.4419167,6.1117834e-07,76.011955,1.3018022,0.16711946,2.3087777e-07,76.1621,0.3781696,0.0072641466
GMM_scale_2.00,0.75,0.58,1.0862736,0.41815785,5.776882e-07,74.970695,1.3413709,0.16640684,2.2998982e-07,75.08503,0.3979522,0.0075824326
GMM_scale_2.00,0.75,0.59999996,1.1098725,0.39528748,5.455313e-07,73.94219,1.3823313,0.16625524,2.2999059e-07,74.01849,0.42059323,0.007946666
GMM_scale_2.00,0.75,0.62,1.1342714,0.37332767,5.1472637e-07,72.92723,1.4246838,0.16663042,2.3075992e-07,72.96352,0.44633824,0.008359337
GMM_scale_2.00,0.75,0.64,1.1594701,0.35229102,4.852809e-07,71.92643,1.4684281,0.16748886,2.321917e-07,71.921005,0.47542757,0.008823393
GMM_scale_2.00,0.75,0.65999997,1.1854689,0.33218262,4.571928e-07,70.94033,1.5135653,0.16878189,2.3418973e-07,70.89169,0.50809973,0.009341681
GMM_scale_2.00,0.75,0.68,1.2122678,0.31300008,4.3044855e-07,69.96933,1.5600952,0.17045075,2.3663102e-07,69.87625,0.5445709,0.0099163605
GMM_scale_2.00,0.75,0.7,1.2398666,0.29473507,4.0502968e-07,69.01376,1.6080182,0.17244029,2.394343e-07,68.87525,0.58506876,0.010550054
GMM_scale_2.00,0.75,0.71999997,1.2682656,0.2773738,3.8090826e-07,68.073906,1.6573343,0.17469315,2.4249923e-07,67.88911,0.6298113,0.011244821
GMM_scale_2.00,0.75,0.74,1.2974644,0.26089802,3.5805235e-07,67.14994,1.7080443,0.17715113,2.4576536e-07,66.9182,0.67900527,0.012003529
GMM_scale_2.00,0.75,0.76,1.327463,0.24528573,3.3642618e-07,66.24196,1.7601486,0.17976296,2.4915877e-07,65.96279,0.73287165,0.012828974
GMM_scale_2.00,0.75,0.78,1.3582618,0.23051181,3.159885e-07,65.35003,1.813647,0.18247512,2.5261852e-07,65.023186,0.7916085,0.013723053
GMM_scale_2.00,0.75,0.79999995,1.3898607,0.21654885,2.9669687e-07,64.474174,1.8685405,0.18524523,2.5610143e-07,64.099464,0.8554432,0.014689595
GMM_scale_2.00,0.75,0.82,1.4222597,0.20336747,2.7850592e-07,63.614338,1.9248292,0.18802787,2.5956416e-07,63.191807,0.924572,0.015731264
GMM_scale_2.00,0.75,0.84,1.4554583,0.19093709,2.6137e-07,62.7704,1.9825131,0.1907858,2.629566e-07,62.30023,0.9992076,0.016850302
GMM_scale_2.00,0.75,0.85999995,1.4894572,0.1792261,2.4524186e-07,61.942314,2.0415933,0.19348831,2.6626236e-07,61.424767,1.0795766,0.018051028
GMM_scale_2.00,0.75,0.88,1.524256,0.16820255,2.3007432e-07,61.129864,2.1020694,0.19610365,2.6945133e-07,60.56542,1.1658779,0.019335879
GMM_scale_2.00,0.75,0.9,1.5598549,0.1578343,2.158207e-07,60.332912,2.1639423,0.19861034,2.724925e-07,59.72213,1.258347,0.02070844
GMM_scale_2.00,0.75,0.91999996,1.5962536,0.14808942,2.0243453e-07,59.551258,2.2272127,0.20098755,2.7537436e-07,58.894817,1.357204,0.022171859
GMM_scale_2.00,0.75,0.94,1.6334527,0.13893613,1.8987028e-07,58.7847,2.29188,0.2032212,2.7808093e-07,58.08339,1.4626951,0.023730088
GMM_scale_2.00,0.75,0.96,1.6714513,0.13034366,1.7808362e-07,58.03297,2.357945,0.20529313,2.8059696e-07,57.287693,1.5750144,0.025386322
GMM_scale_2.00,0.75,0.97999996,1.7102501,0.12228169,1.6703157e-07,57.295853,2.425408,0.20719528,2.8290341e-07,56.507576,1.6944096,0.02714395
GMM_scale_2.00,0.75,1.0,1.7498492,0.114720754,1.5667224e-07,56.573082,2.4942698,0.2089206,2.8500628e-07,55.74287,1.821123,0.029006863
GMM_scale_2.00,0.75,1.02,1.7902478,0.10763264,1.4696577e-07,55.86441,2.5645316,0.21046643,2.8689e-07,54.993393,1.9554147,0.030979006
GMM_scale_2.00,0.75,1.04,1.8314466,0.10098994,1.3787364e-07,55.169594,2.6361923,0.21182893,2.8856275e-07,54.25894,2.0975251,0.033064216
GMM_scale_2.00,0.75,1.06,1.8734453,0.09476653,1.2935914e-07,54.488327,2.709254,0.2130099,2.9001214e-07,53.5393,2.2477334,0.03526593
GMM_scale_2.00,0.75,1.0799999,1.9162443,0.08893734,1.2138736e-07,53.820366,2.7837162,0.21400568,2.9124215e-07,52.834244,2.4062521,0.037588593
GMM_scale_2.00,0.75,1.1,1.9598433,0.08347841,1.13924585e-07,53.165436,2.8595793,0.214821,2.9225808e-07,52.14352,2.573372,0.040035613
GMM_scale_2.00,0.75,1.12,2.004242,0.07836717,1.0693945e-07,52.523293,2.9368446,0.21546213,2.930635e-07,51.4669,2.7493927,0.042611968
GMM_scale_2.00,0.75,1.14,2.0494409,0.07358195,1.0040181e-07,51.89364,3.0155113,0.2159321,2.9365896e-07,50.804157,2.9345798,0.04532133
GMM_scale_2.00,0.75,1.16,2.0954394,0.06910238,9.4283514e-08,51.27622,3.095581,0.21623486,2.9405146e-07,50.155003,3.1291957,0.04816779
GMM_scale_2.00,0.75,1.18,2.1422384,0.06490916,8.85578e-08,50.67078,3.177054,0.21637827,2.9424743e-07,49.519154,3.3335552,0.05115589
GMM_scale_2.00,0.75,1.1999999,2.1898372,0.06098403,8.3199375e-08,50.07708,3.2599304,0.21636763,2.9424902e-07,48.896427,3.5479393,0.05428986
GMM_scale_2.00,0.75,1.22,2.2382362,0.057309803,7.8184435e-08,49.49483,3.3442116,0.21621066,2.9407406e-07,48.286488,3.7726645,0.05757501
GMM_scale_2.00,0.75,1.24,2.2874348,0.053870372,7.349084e-08,48.92379,3.429897,0.21591435,2.9372126e-07,47.68914,4.008035,0.061014842
GMM_scale_2.00,0.75,1.26,2.3374338,0.05065055,6.909772e-08,48.363716,3.5169883,0.21548422,2.9319602e-07,47.104053,4.2543316,0.064613864
GMM_scale_2.00,0.75,1.28,2.3882325,0.047636017,6.4985194e-08,47.81438,3.605485,0.21493033,2.9252018e-07,46.530994,4.511929,0.06837802
GMM_scale_2.00,0.75,1.3,2.4398313,0.04481339,6.1134976e-08,47.275528,3.6953886,0.21425653,2.9168498e-07,45.96969,4.7810826,0.072311215
GMM_scale_2.00,0.75,1.3199999,2.4922302,0.042170122,5.7529846e-08,46.74695,3.786699,0.21347457,2.9071606e-07,45.419872,5.0622234,0.076418966
GMM_scale_2.00,0.75,1.3399999,2.5454288,0.039694507,5.415362e-08,46.22838,3.8794162,0.21258844,2.8960707e-07,44.881325,5.3556137,0.08070461
GMM_scale_2.00,0.75,1.36,2.599428,0.03737545,5.0991332e-08,45.719624,3.973543,0.21160498,2.883752e-07,44.353737,5.6616035,0.085175775
GMM_scale_2.00,0.75,1.38,2.6542265,0.035202745,4.8028724e-08,45.220455,4.069077,0.21053027,2.8702095e-07,43.836895,5.980507,0.08983536
GMM_scale_2.00,0.75,1.4,2.7098255,0.033166744,4.5252705e-08,44.730633,4.166021,0.20937386,2.8555723e-07,43.330524,6.312765,0.09468862
GMM_scale_2.00,0.75,1.42,2.7662246,0.03125844,4.2650885e-08,44.249985,4.264375,0.2081392,2.83991e-07,42.83438,6.6586556,0.09974292
GMM_scale_2.00,0.75,1.4399999,2.8234234,0.029469438,4.0211845e-08,43.778282,4.36414,0.20683369,2.823268e-07,42.348225,7.018583,0.10500161
GMM_scale_2.00,0.75,1.4599999,2.8814218,0.02779191,3.7924835e-08,43.315323,4.4653163,0.20546336,2.8058162e-07,41.871815,7.39292,0.11047119
GMM_scale_2.00,0.75,1.48,2.940221,0.026218511,3.577982e-08,42.86092,4.567905,0.20403244,2.7874546e-07,41.404926,7.781999,0.116154395
GMM_scale_2.00,0.75,1.5,2.9998195,0.024742411,3.3767467e-08,42.414875,4.6719055,0.20254895,2.7684385e-07,40.94732,8.186306,0.122063115
GMM_scale_2.00,0.75,1.52,3.0602186,0.023357263,3.187912e-08,41.97699,4.7773204,0.20101479,2.7487002e-07,40.498768,8.606093,0.12819715
GMM_scale_2.00,0.75,1.54,3.121417,0.022057084,3.010661e-08,41.547085,4.8841496,0.19943628,2.7283025e-07,40.059048,9.041824,0.13456295
GMM_scale_2.00,0.75,1.56,3.1834161,0.020836342,2.844234e-08,41.124977,4.9923925,0.19781785,2.7073864e-07,39.627945,9.493886,0.14116822
GMM_scale_2.00,0.75,1.5799999,3.2462149,0.019689862,2.6879327e-08,40.710484,5.1020513,0.19616432,2.6859217e-07,39.20525,9.9627075,0.14801767
GMM_scale_2.00,0.75,1.5999999,3.3098135,0.018612806,2.541089e-08,40.303444,5.2131267,0.19447863,2.664049e-07,38.790737,10.448647,0.15511966
GMM_scale_2.00,0.75,1.62,3.3742125,0.017600683,2.4030967e-08,39.903675,5.3256183,0.19276474,2.6417393e-07,38.384224,10.952117,0.16247869
GMM_scale_2.00,0.75,1.64,3.4394116,0.016649297,2.2733811e-08,39.51102,5.439528,0.19102775,2.6190725e-07,37.985504,11.473622,0.17010047
GMM_scale_2.00,0.75,1.66,3.50541,0.015754737,2.151406e-08,39.125305,5.554856,0.18927002,2.5961359e-07,37.59439,12.013531,0.17798978
GMM_scale_2.00,0.75,1.68,3.572209,0.01491335,2.0366773e-08,38.74639,5.6716022,0.18749383,2.5728423e-07,37.210697,12.572214,0.18615328
GMM_scale_2.00,0.75,1.6999999,3.6398077,0.0141217215,1.9287278e-08,38.374104,5.7897687,0.1857035,2.5493722e-07,36.83421,13.150203,0.19460168
GMM_scale_2.00,0.75,1.7199999,3.7082062,0.013376677,1.8271278e-08,38.0083,5.9093566,0.18390165,2.5257023e-07,36.464787,13.747932,0.2033371
GMM_scale_2.00,0.75,1.74,3.7774053,0.012675265,1.7314713e-08,37.648823,6.0303655,0.18209018,2.501872e-07,36.10224,14.365788,0.21236672
GMM_scale_2.00,0.75,1.76,3.8474042,0.012014715,1.6413813e-08,37.29555,6.1527967,0.18027169,2.477933e-07,35.746387,15.004242,0.22170173
GMM_scale_2.00,0.75,1.78,3.918203,0.011392448,1.5565073e-08,36.94832,6.2766504,0.17844881,2.4538477e-07,35.397087,15.663781,0.23134324
GMM_scale_2.00,0.75,1.8,3.989802,0.01080606,1.4765225e-08,36.607002,6.401927,0.17662445,2.429727e-07,35.054142,16.344944,0.24129763
GMM_scale_2.00,0.75,1.8199999,4.0622005,0.010253305,1.4011212e-08,36.271458,6.5286293,0.17479813,2.4055745e-07,34.71743,17.04798,0.25157487
GMM_scale_2.00,0.75,1.8399999,4.1353993,0.009732081,1.3300162e-08,35.941555,6.656756,0.1729737,2.3813928e-07,34.38677,17.77356,0.26218382
GMM_scale_2.00,0.75,1.86,4.2093987,0.009240429,1.2629402e-08,35.61718,6.78631,0.17115171,2.3571909e-07,34.062027,18.522053,0.27312523
GMM_scale_2.00,0.75,1.88,4.2841973,0.008776526,1.1996448e-08,35.298203,6.9172907,0.1693343,2.3330233e-07,33.74306,19.294003,0.28441203
GMM_scale_2.00,0.75,1.9,4.359796,0.008338664,1.1398987e-08,34.984474,7.0496984,0.16752273,2.3089511e-07,33.429718,20.089876,0.29604676
GMM_scale_2.00,0.75,1.92,4.4361954,0.007925246,1.0834844e-08,34.675922,7.1835375,0.16571876,2.2848948e-07,33.121876,20.910236,0.30804172
GMM_scale_2.00,0.75,1.9399999,4.5133934,0.007534783,1.0301963e-08,34.372383,7.3188047,0.16392271,2.2609787e-07,32.81939,21.755466,0.32040453
GMM_scale_2.00,0.75,1.9599999,4.5913925,0.007165872,9.798476e-09,34.073803,7.455502,0.16213626,2.237081e-07,32.522114,22.626173,0.33313286
GMM_scale_2.00,0.75,1.9799999,4.6701913,0.006817224,9.322599e-09,33.78001,7.5936313,0.16035949,2.2133517e-07,32.229965,23.522696,0.3462386
GMM_scale_2.00,0.75,2.0,4.7497907,0.0064876038,8.872653e-09,33.49093,7.733192,0.15859476,2.1897168e-07,31.942787,24.445814,0.35973623
