P,tau2,s2,mu_ce,var_ce,se_ce,ef_ce,mu_eis,var_eis,se_eis,ef_eis,var_ratio,se_var_ratio
Normal,1.0,0.5,0.0,2.0442352,2.8618767e-06,23.78288,0.0,1.2573905,1.7851121e-06,23.78288,0.6150909,0.0095353415
Normal,1.0,0.525,0.0,1.9468908,2.7255962e-06,32.030193,0.0,1.0807569,1.5343452e-06,32.030193,0.5551194,0.008605634
Normal,1.0,0.55,0.0,1.8583956,2.601706e-06,41.39216,0.0,0.92589617,1.314491e-06,41.39216,0.4982234,0.00772362
Normal,1.0,0.575,0.0,1.7775958,2.4885887e-06,51.18987,0.0,0.78996915,1.1215154e-06,51.18987,0.44440314,0.006889279
Normal,1.0,0.59999996,0.0,1.7035296,2.3848977e-06,60.649197,0.0,0.6706084,9.520599e-07,60.649197,0.3936582,0.0061026174
Normal,1.0,0.625,0.0,1.6353884,2.2895008e-06,69.13848,0.0,0.5658255,8.033004e-07,69.13848,0.34598848,0.0053636264
Normal,1.0,0.65,0.0,1.5724887,2.201444e-06,76.31105,0.0,0.47393945,6.7284986e-07,76.31105,0.30139452,0.004672315
Normal,1.0,0.675,0.0,1.5142485,2.1199082e-06,82.10194,0.0,0.39351645,5.586737e-07,82.10194,0.25987574,0.004028679
Normal,1.0,0.7,0.0,1.460168,2.0441976e-06,86.634,0.0,0.32332888,4.5902866e-07,86.634,0.22143266,0.003432721
Normal,1.0,0.725,0.0,1.4098175,1.9737079e-06,90.11388,0.0,0.26231757,3.7241134e-07,90.11388,0.18606491,0.0028844397
Normal,1.0,0.75,0.0,1.3628237,1.9079175e-06,92.758446,0.0,0.20956516,2.975189e-07,92.758446,0.15377276,0.0023838356
Normal,1.0,0.775,0.0,1.3188616,1.8463718e-06,94.75879,0.0,0.16427208,2.3321641e-07,94.75879,0.12455597,0.0019309069
Normal,1.0,0.79999995,0.0,1.2776469,1.7886729e-06,96.26834,0.0,0.12573907,1.7851123e-07,96.26834,0.09841457,0.0015256545
Normal,1.0,0.825,0.0,1.2389305,1.7344706e-06,97.40439,0.0,0.09335172,1.3253103e-07,97.40439,0.07534864,0.001168079
Normal,1.0,0.85,0.0,1.2024913,1.6834567e-06,98.254486,0.0,0.0665677,9.450589e-08,98.254486,0.055358153,0.00085817993
Normal,1.0,0.875,0.0,1.1681343,1.635358e-06,98.882935,0.0,0.044906754,6.375394e-08,98.882935,0.03844314,0.000595958
Normal,1.0,0.9,0.0,1.1356865,1.5899315e-06,99.3372,0.0,0.027942045,3.9669214e-08,99.3372,0.02460366,0.0003814139
Normal,1.0,0.92499995,0.0,1.1049922,1.54696e-06,99.65257,0.0,0.015292615,2.171086e-08,99.65257,0.013839569,0.00021454548
Normal,1.0,0.9499999,0.0,1.0759134,1.5062503e-06,99.855415,0.0,0.0066178576,9.395341e-09,99.855415,0.00615092,9.535353e-05
Normal,1.0,0.975,0.0,1.0483257,1.467629e-06,99.96603,0.0,0.0016120286,2.2885902e-09,99.96603,0.0015377174,2.383819e-05
Normal,1.0,1.0,0.0,1.0221176,1.4309379e-06,100.0,0.0,0.0,0.0,100.0,0.0,0.0
Normal,1.0,1.025,0.0,0.9971881,1.3960376e-06,99.96971,0.0,0.0015333943,2.1769535e-09,99.96971,0.0015377182,2.3838209e-05
Normal,1.0,1.05,0.0,0.9734456,1.3627983e-06,99.88505,0.0,0.0059875567,8.500504e-09,99.88505,0.0061508897,9.5353054e-05
Normal,1.0,1.075,0.0,0.95080715,1.3311052e-06,99.75413,0.0,0.01315875,1.8681419e-08,99.75413,0.013839557,0.0002145453
Normal,1.0,1.0999999,0.0,0.92919797,1.3008531e-06,99.58368,0.0,0.022861617,3.2456544e-08,99.58368,0.024603602,0.00038141294
Normal,1.0,1.125,0.0,0.9085491,1.2719452e-06,99.37926,0.0,0.03492747,4.9586376e-08,99.37926,0.03844313,0.00059595774
Normal,1.0,1.15,0.0,0.8887979,1.2442941e-06,99.145615,0.0,0.049202252,6.985223e-08,99.145615,0.0553582,0.00085818046
Normal,1.0,1.175,0.0,0.8698875,1.2178197e-06,98.88679,0.0,0.065544754,9.3053636e-08,98.88679,0.07534854,0.001168077
Normal,1.0,1.2,0.0,0.8517647,1.1924485e-06,98.60623,0.0,0.08382608,1.1900755e-07,98.60623,0.0984146,0.001525655
Normal,1.0,1.225,0.0,0.8343817,1.168113e-06,98.30697,0.0,0.10392724,1.4754507e-07,98.30697,0.12455599,0.001930908
Normal,1.0,1.25,0.0,0.8176942,1.1447505e-06,97.99164,0.0,0.12573908,1.7851126e-07,97.99164,0.15377274,0.0023838351
Normal,1.0,1.275,0.0,0.80166095,1.1223045e-06,97.662476,0.0,0.149161,2.1176331e-07,97.662476,0.18606494,0.0028844404
Normal,1.0,1.3,0.0,0.78624433,1.1007216e-06,97.32152,0.0,0.1741003,2.4716948e-07,97.32152,0.22143282,0.0034327237
Normal,1.0,1.3249999,0.0,0.7714095,1.0799536e-06,96.97053,0.0,0.20047075,2.8460755e-07,96.97053,0.2598759,0.0040286826
Normal,1.0,1.3499999,0.0,0.75712425,1.0599547e-06,96.61099,0.0,0.22819285,3.2396454e-07,96.61099,0.3013942,0.0046723112
Normal,1.0,1.375,0.0,0.74335825,1.0406823e-06,96.24434,0.0,0.25719354,3.6513646e-07,96.24434,0.34598866,0.005363626
Normal,1.0,1.3999999,0.0,0.73008424,1.0220988e-06,95.87174,0.0,0.2874032,4.0802516e-07,95.87174,0.3936576,0.0061026094
Normal,1.0,1.425,0.0,0.71727556,1.0041668e-06,95.49427,0.0,0.3187593,4.5254117e-07,95.49427,0.44440284,0.0068892725
Normal,1.0,1.45,0.0,0.7049087,9.868537e-07,95.11287,0.0,0.35120225,4.9860046e-07,95.11287,0.49822372,0.007723626
Normal,1.0,1.4749999,0.0,0.6929611,9.701275e-07,94.72841,0.0,0.38467625,5.461232e-07,94.72841,0.5551195,0.008605642
Normal,1.0,1.5,0.0,0.68141174,9.539586e-07,94.34158,0.0,0.41913033,5.9503765e-07,94.34158,0.61509115,0.009535343
Normal,1.0,1.5250001,0.0,0.6702411,9.3832e-07,93.95312,0.0,0.45451584,6.452743e-07,93.95312,0.67813784,0.010512713
Normal,1.0,1.55,0.0,0.65943074,9.2318595e-07,93.5635,0.0,0.4907881,6.9677003e-07,93.5635,0.74426025,0.011537767
Normal,1.0,1.575,0.0,0.6489636,9.0853206e-07,93.17337,0.0,0.5279046,7.49464e-07,93.17337,0.813458,0.012610488
Normal,1.0,1.5999999,0.0,0.63882345,8.943364e-07,92.78309,0.0,0.56582576,8.033003e-07,92.78309,0.88573104,0.013730888
Normal,1.0,1.625,0.0,0.6289955,8.805772e-07,92.393135,0.0,0.6045147,8.5822677e-07,92.393135,0.9610796,0.01489896
Normal,1.0,1.65,0.0,0.61946523,8.6723537e-07,92.00383,0.0,0.64393634,9.141937e-07,92.00383,1.0395036,0.016114723
Normal,1.0,1.675,0.0,0.61021954,8.5429144e-07,91.61555,0.0,0.6840581,9.711541e-07,91.61555,1.1210033,0.017378153
Normal,1.0,1.6999999,0.0,0.6012458,8.417285e-07,91.2285,0.0,0.7248484,1.0290642e-06,91.2285,1.2055774,0.018689252
Normal,1.0,1.7249999,0.0,0.59253204,8.295294e-07,90.84301,0.0,0.76627916,1.0878833e-06,90.84301,1.2932283,0.020048043
Normal,1.0,1.75,0.0,0.5840672,8.176793e-07,90.45924,0.0,0.8083224,1.1475722e-06,90.45924,1.3839544,0.021454517
Normal,1.0,1.775,0.0,0.57584095,8.061623e-07,90.077415,0.0,0.8509522,1.2080934e-06,90.077415,1.4777557,0.022908652
Normal,1.0,1.8,0.0,0.56784326,7.949659e-07,89.69777,0.0,0.89414406,1.2694129e-06,89.69777,1.5746318,0.024410455
Normal,1.0,1.8249999,0.0,0.5600645,7.8407584e-07,89.32035,0.0,0.93787533,1.3314981e-06,89.32035,1.6745845,0.025959956
Normal,1.0,1.85,0.0,0.55249596,7.7348e-07,88.94534,0.0,0.98212427,1.3943182e-06,88.94534,1.7776135,0.02755715
Normal,1.0,1.875,0.0,0.5451293,7.631671e-07,88.57283,0.0,1.0268692,1.4578418e-06,88.57283,1.8837167,0.029201979
Normal,1.0,1.9,0.0,0.5379567,7.5312516e-07,88.20298,0.0,1.0720909,1.5220428e-06,88.20298,1.9928943,0.030894486
Normal,1.0,1.925,0.0,0.5309703,7.433447e-07,87.8358,0.0,1.1177709,1.586895e-06,87.8358,2.1051478,0.032634698
Normal,1.0,1.95,0.0,0.5241628,7.3381443e-07,87.471405,0.0,1.1638926,1.652374e-06,87.471405,2.2204792,0.034422573
Normal,1.0,1.975,0.0,0.5175279,7.2452565e-07,87.10985,0.0,1.2104375,1.7184544e-06,87.10985,2.3388836,0.036258154
Normal,1.0,2.0,0.0,0.5110588,7.154692e-07,86.75117,0.0,1.2573907,1.7851124e-06,86.75117,2.460364,0.038141355
Normal,1.0,2.0249999,0.0,0.5047495,7.0663623e-07,86.39543,0.0,1.3047364,1.8523288e-06,86.39543,2.5849187,0.040072255
Normal,1.0,2.05,0.0,0.49859396,6.9801854e-07,86.042656,0.0,1.3524616,1.920084e-06,86.042656,2.712551,0.042050842
Normal,1.0,2.075,0.0,0.4925868,6.8960867e-07,85.69287,0.0,1.4005517,1.988357e-06,85.69287,2.8432586,0.04407711
Normal,1.0,2.1,0.0,0.4867227,6.8139906e-07,85.34612,0.0,1.448993,2.0571288e-06,85.34612,2.97704,0.04615102
Normal,1.0,2.125,0.0,0.4809966,6.733827e-07,85.00237,0.0,1.4977735,2.1263827e-06,85.00237,3.1138961,0.04827262
Normal,1.0,2.1499999,0.0,0.47540364,6.655528e-07,84.66169,0.0,1.5468822,2.1961018e-06,84.66169,3.253829,0.050441936
Normal,1.0,2.175,0.0,0.46993923,6.579026e-07,84.32401,0.0,1.5963074,2.266271e-06,84.32401,3.396838,0.05265888
Normal,1.0,2.2,0.0,0.4645989,6.504265e-07,83.989395,0.0,1.6460389,2.336875e-06,83.989395,3.5429246,0.054923564
Normal,1.0,2.225,0.0,0.45937875,6.4311837e-07,83.657814,0.0,1.6960639,2.4078954e-06,83.657814,3.6920817,0.05723585
Normal,1.0,2.25,0.0,0.45427454,6.359726e-07,83.329285,0.0,1.7463758,2.4793226e-06,83.329285,3.8443182,0.05959588
Normal,1.0,2.2749999,0.0,0.44928244,6.2898386e-07,83.00372,0.0,1.7969631,2.5511404e-06,83.00372,3.999629,0.062003516
Normal,1.0,2.3,0.0,0.44439894,6.221472e-07,82.68124,0.0,1.8478172,2.623338e-06,82.68124,4.1580143,0.06445886
Normal,1.0,2.325,0.0,0.4396205,6.154572e-07,82.36171,0.0,1.8989295,2.6959021e-06,82.36171,4.319474,0.06696191
Normal,1.0,2.35,0.0,0.43494374,6.089099e-07,82.04514,0.0,1.9502921,2.7688218e-06,82.04514,4.48401,0.06951257
Normal,1.0,2.375,0.0,0.43036535,6.0250034e-07,81.731544,0.0,2.0018978,2.842086e-06,81.731544,4.651624,0.07211098
Normal,1.0,2.4,0.0,0.42588228,5.962243e-07,81.420906,0.0,2.0537379,2.9156831e-06,81.420906,4.8223133,0.07475707
Normal,1.0,2.425,0.0,0.42149186,5.900776e-07,81.11314,0.0,2.1058042,2.9896019e-06,81.11314,4.9960732,0.07745076
Normal,1.0,2.4499998,0.0,0.4171909,5.8405635e-07,80.80828,0.0,2.1580923,3.063835e-06,80.80828,5.172913,0.08019215
Normal,1.0,2.475,0.0,0.4129769,5.7815697e-07,80.50629,0.0,2.2105932,3.1383706e-06,80.50629,5.3528256,0.08298123
Normal,1.0,2.5,0.0,0.4088471,5.723752e-07,80.207146,0.0,2.2633026,3.2132018e-06,80.207146,5.5358167,0.08581805
Normal,1.0,2.5249999,0.0,0.4047991,5.667084e-07,79.91079,0.0,2.3162122,3.2883167e-06,79.91079,5.721881,0.08870244
Normal,1.0,2.55,0.0,0.40083048,5.611521e-07,79.6172,0.0,2.369318,3.3637114e-06,79.6172,5.9110227,0.09163461
Normal,1.0,2.575,0.0,0.39693886,5.557043e-07,79.3264,0.0,2.4226127,3.4393727e-06,79.3264,6.103239,0.0946144
Normal,1.0,2.6,0.0,0.39312217,5.50361e-07,79.03833,0.0,2.4760919,3.5152966e-06,79.03833,6.29853,0.09764183
Normal,1.0,2.625,0.0,0.3893782,5.4511935e-07,78.75297,0.0,2.5297499,3.5914734e-06,78.75297,6.4968967,0.10071695
Normal,1.0,2.6499999,0.0,0.38570476,5.399768e-07,78.470245,0.0,2.5835807,3.6678991e-06,78.470245,6.6983376,0.10383981
Normal,1.0,2.675,0.0,0.38210008,5.3493017e-07,78.190155,0.0,2.6375823,3.7445648e-06,78.190155,6.9028573,0.10701035
Normal,1.0,2.6999998,0.0,0.37856212,5.299771e-07,77.91269,0.0,2.6917467,3.821461e-06,77.91269,7.1104493,0.110228516
Normal,1.0,2.725,0.0,0.37508905,5.2511507e-07,77.63779,0.0,2.7460716,3.8985872e-06,77.63779,7.321119,0.11349437
Normal,1.0,2.75,0.0,0.37167913,5.203412e-07,77.36545,0.0,2.8005514,3.9759316e-06,77.36545,7.5348635,0.116807885
Normal,1.0,2.775,0.0,0.36833072,5.1565337e-07,77.09562,0.0,2.8551822,4.05349e-06,77.09562,7.751681,0.120169096
Normal,1.0,2.8,0.0,0.365042,5.110494e-07,76.82829,0.0,2.9099605,4.131259e-06,76.82829,7.971577,0.12357795
Normal,1.0,2.825,0.0,0.36181155,5.0652676e-07,76.56341,0.0,2.964882,4.20923e-06,76.56341,8.194548,0.12703449
Normal,1.0,2.85,0.0,0.35863778,5.020836e-07,76.300964,0.0,3.0199423,4.2873985e-06,76.300964,8.420591,0.13053875
Normal,1.0,2.875,0.0,0.35551918,4.977175e-07,76.04092,0.0,3.0751398,4.3657633e-06,76.04092,8.649715,0.13409068
Normal,1.0,2.8999999,0.0,0.3524544,4.934271e-07,75.78325,0.0,3.130468,4.444312e-06,75.78325,8.881909,0.13769026
Normal,1.0,2.925,0.0,0.34944195,4.892097e-07,75.5279,0.0,3.185926,4.5230468e-06,75.5279,9.117183,0.14133754
Normal,1.0,2.9499998,0.0,0.34648058,4.850638e-07,75.274864,0.0,3.2415094,4.601958e-06,75.274864,9.35553,0.1450325
Normal,1.0,2.9750001,0.0,0.34356892,4.809875e-07,75.02413,0.0,3.2972164,4.6810446e-06,75.02413,9.596958,0.14877509
Normal,1.0,3.0,0.0,0.34070593,4.769794e-07,74.77564,0.0,3.353041,4.7603e-06,74.77564,9.841452,0.15256545
GMM_location_0.10,1.1,0.5,0.0,2.1927154,2.9382218e-06,39.280407,0.0,0.14736474,2.0842616e-07,39.280407,0.0672065,0.0011483672
GMM_location_0.10,1.1,0.525,0.0,2.0883005,2.7983065e-06,40.78697,0.0,0.14895166,2.1037764e-07,40.78697,0.07132674,0.0012322098
GMM_location_0.10,1.1,0.55,0.0,1.9933776,2.671111e-06,42.141705,0.0,0.15180641,2.1411346e-07,42.141705,0.07615537,0.0013294456
GMM_location_0.10,1.1,0.575,0.0,1.9067088,2.5549762e-06,43.35825,0.0,0.1557636,2.1941266e-07,43.35825,0.08169239,0.0014401163
GMM_location_0.10,1.1,0.59999996,0.0,1.827263,2.4485191e-06,44.449257,0.0,0.16068539,2.2608982e-07,44.449257,0.08793775,0.001564263
GMM_location_0.10,1.1,0.625,0.0,1.7541722,2.3505777e-06,45.426258,0.0,0.16645609,2.3398698e-07,45.426258,0.09489153,0.0017019198
GMM_location_0.10,1.1,0.65,0.0,1.6867042,2.260171e-06,46.299725,0.0,0.1729777,2.4296915e-07,46.299725,0.10255367,0.0018531181
GMM_location_0.10,1.1,0.675,0.0,1.6242337,2.1764613e-06,47.07923,0.0,0.18016686,2.5291982e-07,47.07923,0.11092422,0.0020178799
GMM_location_0.10,1.1,0.7,0.0,1.5662253,2.0987302e-06,47.77344,0.0,0.18795192,2.6373795e-07,47.77344,0.12000312,0.0021962242
GMM_location_0.10,1.1,0.725,0.0,1.5122175,2.02636e-06,48.390232,0.0,0.19627136,2.7533503e-07,48.390232,0.12979043,0.002388165
GMM_location_0.10,1.1,0.75,0.0,1.4618104,1.9588147e-06,48.93678,0.0,0.20507166,2.8763452e-07,48.93678,0.14028609,0.002593713
GMM_location_0.10,1.1,0.775,0.0,1.4146553,1.8956276e-06,49.4196,0.0,0.21430632,3.0056881e-07,49.4196,0.15149014,0.0028128768
GMM_location_0.10,1.1,0.79999995,0.0,1.3704473,1.8363894e-06,49.844643,0.0,0.2239346,3.1407816e-07,49.844643,0.16340257,0.0030456611
GMM_location_0.10,1.1,0.825,0.0,1.3289186,1.7807407e-06,50.21729,0.0,0.23392075,3.281102e-07,50.21729,0.1760234,0.0032920672
GMM_location_0.10,1.1,0.85,0.0,1.2898327,1.7283663e-06,50.542385,0.0,0.24423318,3.426184e-07,50.542385,0.1893526,0.003552099
GMM_location_0.10,1.1,0.875,0.0,1.2529802,1.6789844e-06,50.824375,0.0,0.2548439,3.5756148e-07,50.824375,0.2033902,0.0038257581
GMM_location_0.10,1.1,0.9,0.0,1.2181753,1.6323456e-06,51.067223,0.0,0.2657281,3.7290303e-07,51.067223,0.21813616,0.0041130455
GMM_location_0.10,1.1,0.92499995,0.0,1.1852517,1.5882282e-06,51.274574,0.0,0.2768635,3.8861012e-07,51.274574,0.23359045,0.0044139596
GMM_location_0.10,1.1,0.9499999,0.0,1.1540608,1.546433e-06,51.449688,0.0,0.28823042,4.0465315e-07,51.449688,0.24975322,0.0047285007
GMM_location_0.10,1.1,0.975,0.0,1.1244694,1.5067804e-06,51.59554,0.0,0.29981104,4.2100672e-07,51.59554,0.26662445,0.0050566737
GMM_location_0.10,1.1,1.0,0.0,1.0963576,1.469111e-06,51.71482,0.0,0.3115891,4.3764618e-07,51.71482,0.2842039,0.005398468
GMM_location_0.10,1.1,1.025,0.0,1.0696174,1.4332793e-06,51.80999,0.0,0.32355037,4.5455104e-07,51.80999,0.3024917,0.0057538906
GMM_location_0.10,1.1,1.05,0.0,1.0441505,1.3991539e-06,51.883293,0.0,0.33568168,4.7170124e-07,51.883293,0.32148784,0.006122933
GMM_location_0.10,1.1,1.075,0.0,1.0198677,1.366615e-06,51.936764,0.0,0.34797135,4.890801e-07,51.936764,0.34119266,0.006505607
GMM_location_0.10,1.1,1.0999999,0.0,0.99668896,1.3355555e-06,51.972286,0.0,0.36040834,5.0667126e-07,51.972286,0.3616056,0.006901894
GMM_location_0.10,1.1,1.125,0.0,0.9745403,1.3058765e-06,51.991516,0.0,0.37298286,5.244606e-07,51.991516,0.38272697,0.007311808
GMM_location_0.10,1.1,1.15,0.0,0.9533544,1.277488e-06,51.99605,0.0,0.3856861,5.424347e-07,51.99605,0.4045569,0.007735345
GMM_location_0.10,1.1,1.175,0.0,0.9330705,1.2503075e-06,51.987274,0.0,0.39850968,5.605823e-07,51.987274,0.42709494,0.008172501
GMM_location_0.10,1.1,1.2,0.0,0.91363144,1.2242591e-06,51.966496,0.0,0.4114462,5.788917e-07,51.966496,0.45034155,0.008623278
GMM_location_0.10,1.1,1.225,0.0,0.89498585,1.1992744e-06,51.934887,0.0,0.42448872,5.973531e-07,51.934887,0.47429657,0.009087678
GMM_location_0.10,1.1,1.25,0.0,0.87708604,1.175289e-06,51.893497,0.0,0.43763074,6.159569e-07,51.893497,0.49895987,0.009565686
GMM_location_0.10,1.1,1.275,0.0,0.8598884,1.1522444e-06,51.843307,0.0,0.45086658,6.346948e-07,51.843307,0.5243315,0.010057317
GMM_location_0.10,1.1,1.3,0.0,0.8433521,1.1300855e-06,51.785164,0.0,0.46419075,6.5355937e-07,51.785164,0.5504116,0.010562565
GMM_location_0.10,1.1,1.3249999,0.0,0.8274398,1.1087633e-06,51.719875,0.0,0.47759825,6.725429e-07,51.719875,0.5772,0.01108143
GMM_location_0.10,1.1,1.3499999,0.0,0.812117,1.0882302e-06,51.648132,0.0,0.49108437,6.916385e-07,51.648132,0.6046966,0.011613904
GMM_location_0.10,1.1,1.375,0.0,0.7973511,1.0684444e-06,51.57057,0.0,0.5046452,7.1084105e-07,51.57057,0.63290215,0.012160014
GMM_location_0.10,1.1,1.3999999,0.0,0.7831128,1.0493652e-06,51.487774,0.0,0.5182761,7.301433e-07,51.487774,0.66181535,0.012719715
GMM_location_0.10,1.1,1.425,0.0,0.7693739,1.0309557e-06,51.40023,0.0,0.531974,7.49541e-07,51.40023,0.6914376,0.013293048
GMM_location_0.10,1.1,1.45,0.0,0.7561087,1.0131802e-06,51.30837,0.0,0.5457352,7.6902853e-07,51.30837,0.72176814,0.013879994
GMM_location_0.10,1.1,1.4749999,0.0,0.7432934,9.960075e-07,51.212646,0.0,0.55955625,7.886015e-07,51.212646,0.75280666,0.014480544
GMM_location_0.10,1.1,1.5,0.0,0.73090506,9.794077e-07,51.113373,0.0,0.57343465,8.082563e-07,51.113373,0.78455424,0.015094723
GMM_location_0.10,1.1,1.5250001,0.0,0.71892303,9.633518e-07,51.010895,0.0,0.587367,8.279873e-07,51.010895,0.81700957,0.015722504
GMM_location_0.10,1.1,1.55,0.0,0.7073275,9.478135e-07,50.90549,0.0,0.6013511,8.477921e-07,50.90549,0.8501735,0.016363902
GMM_location_0.10,1.1,1.575,0.0,0.6961001,9.327691e-07,50.79741,0.0,0.61538434,8.676663e-07,50.79741,0.8840457,0.017018914
GMM_location_0.10,1.1,1.5999999,0.0,0.6852236,9.1819453e-07,50.686855,0.0,0.6294644,8.876069e-07,50.686855,0.9186263,0.017687526
GMM_location_0.10,1.1,1.625,0.0,0.67468166,9.0406843e-07,50.574066,0.0,0.6435891,9.076118e-07,50.574066,0.9539152,0.018369766
GMM_location_0.10,1.1,1.65,0.0,0.6644593,8.9037025e-07,50.459183,0.0,0.6577566,9.276771e-07,50.459183,0.9899126,0.019065617
GMM_location_0.10,1.1,1.675,0.0,0.65454185,8.7708116e-07,50.342392,0.0,0.6719649,9.477992e-07,50.342392,1.0266187,0.019775068
GMM_location_0.10,1.1,1.6999999,0.0,0.64491636,8.641833e-07,50.223877,0.0,0.6862119,9.679775e-07,50.223877,1.0640324,0.020498134
GMM_location_0.10,1.1,1.7249999,0.0,0.63556975,8.516591e-07,50.103676,0.0,0.7004964,9.882084e-07,50.103676,1.102155,0.02123483
GMM_location_0.10,1.1,1.75,0.0,0.62649024,8.3949243e-07,49.981987,0.0,0.7148165,1.0084893e-06,49.981987,1.1409858,0.02198512
GMM_location_0.10,1.1,1.775,0.0,0.61766636,8.276685e-07,49.858906,0.0,0.7291709,1.028819e-06,49.858906,1.1805255,0.022749027
GMM_location_0.10,1.1,1.8,0.0,0.60908765,8.161729e-07,49.73452,0.0,0.743558,1.0491946e-06,49.73452,1.2207733,0.023526544
GMM_location_0.10,1.1,1.8249999,0.0,0.60074407,8.049924e-07,49.608948,0.0,0.7579762,1.0696149e-06,49.608948,1.2617289,0.02431767
GMM_location_0.10,1.1,1.85,0.0,0.59262574,7.9411393e-07,49.48225,0.0,0.7724249,1.0900785e-06,49.48225,1.3033941,0.025122425
GMM_location_0.10,1.1,1.875,0.0,0.5847241,7.8352593e-07,49.35454,0.0,0.7869023,1.1105819e-06,49.35454,1.3457668,0.025940776
GMM_location_0.10,1.1,1.9,0.0,0.5770304,7.7321636e-07,49.225887,0.0,0.80140746,1.1311246e-06,49.225887,1.3888478,0.026772723
GMM_location_0.10,1.1,1.925,0.0,0.5695365,7.631747e-07,49.096386,0.0,0.81593925,1.1517052e-06,49.096386,1.4326373,0.027618308
GMM_location_0.10,1.1,1.95,0.0,0.5622347,7.5339017e-07,48.96606,0.0,0.8304971,1.1723231e-06,48.96606,1.4771359,0.0284775
GMM_location_0.10,1.1,1.975,0.0,0.5551178,7.438538e-07,48.83505,0.0,0.8450792,1.1929743e-06,48.83505,1.5223421,0.029350279
GMM_location_0.10,1.1,2.0,0.0,0.54817885,7.3455544e-07,48.703354,0.0,0.8596852,1.21366e-06,48.703354,1.5682567,0.030236678
GMM_location_0.10,1.1,2.0249999,0.0,0.5414113,7.2548715e-07,48.57112,0.0,0.874314,1.2343777e-06,48.57112,1.6148796,0.031136692
GMM_location_0.10,1.1,2.05,0.0,0.53480864,7.166394e-07,48.438335,0.0,0.88896513,1.2551266e-06,48.438335,1.6622117,0.03205032
GMM_location_0.10,1.1,2.075,0.0,0.5283652,7.0800536e-07,48.305107,0.0,0.9036373,1.2759052e-06,48.305107,1.7102513,0.032977555
GMM_location_0.10,1.1,2.1,0.0,0.5220751,6.995766e-07,48.171486,0.0,0.91832983,1.2967131e-06,48.171486,1.7589995,0.033918403
GMM_location_0.10,1.1,2.125,0.0,0.5159331,6.913467e-07,48.03753,0.0,0.9330422,1.3175485e-06,48.03753,1.8084558,0.034872852
GMM_location_0.10,1.1,2.1499999,0.0,0.5099339,6.833076e-07,47.90327,0.0,0.94777364,1.3384108e-06,47.90327,1.8586206,0.035840902
GMM_location_0.10,1.1,2.175,0.0,0.50407255,6.7545335e-07,47.768814,0.0,0.9625238,1.3593001e-06,47.768814,1.9094946,0.03682259
GMM_location_0.10,1.1,2.2,0.0,0.4983444,6.677777e-07,47.6342,0.0,0.9772917,1.380214e-06,47.6342,1.961077,0.03781789
GMM_location_0.10,1.1,2.225,0.0,0.4927451,6.6027485e-07,47.499447,0.0,0.9920764,1.4011509e-06,47.499447,2.0133662,0.038826764
GMM_location_0.10,1.1,2.25,0.0,0.48727012,6.5293824e-07,47.364643,0.0,1.006878,1.4221123e-06,47.364643,2.0663652,0.039849266
GMM_location_0.10,1.1,2.2749999,0.0,0.48191547,6.457631e-07,47.229813,0.0,1.0216956,1.4430956e-06,47.229813,2.1200721,0.040885374
GMM_location_0.10,1.1,2.3,0.0,0.4766772,6.3874404e-07,47.095024,0.0,1.0365288,1.4641016e-06,47.095024,2.1744878,0.0419351
GMM_location_0.10,1.1,2.325,0.0,0.47155172,6.318759e-07,46.960327,0.0,1.051377,1.4851286e-06,46.960327,2.2296114,0.04299844
GMM_location_0.10,1.1,2.35,0.0,0.46653524,6.2515386e-07,46.82572,0.0,1.0662396,1.5061757e-06,46.82572,2.2854428,0.04407537
GMM_location_0.10,1.1,2.375,0.0,0.46162435,6.185734e-07,46.691307,0.0,1.0811166,1.527244e-06,46.691307,2.3419833,0.045165945
GMM_location_0.10,1.1,2.4,0.0,0.45681572,6.121296e-07,46.557106,0.0,1.0960075,1.5483301e-06,46.557106,2.3992333,0.04627009
GMM_location_0.10,1.1,2.425,0.0,0.4521063,6.0581914e-07,46.423126,0.0,1.1109109,1.5694366e-06,46.423126,2.4571896,0.04738787
GMM_location_0.10,1.1,2.4499998,0.0,0.44749296,5.9963736e-07,46.289444,0.0,1.1258277,1.5905587e-06,46.289444,2.5158556,0.04851925
GMM_location_0.10,1.1,2.475,0.0,0.44297284,5.9358024e-07,46.156086,0.0,1.1407567,1.6117002e-06,46.156086,2.5752294,0.049664233
GMM_location_0.10,1.1,2.5,0.0,0.43854305,5.876444e-07,46.023067,0.0,1.1556981,1.632858e-06,46.023067,2.6353126,0.05082283
GMM_location_0.10,1.1,2.5249999,0.0,0.43420115,5.8182616e-07,45.890438,0.0,1.1706506,1.6540315e-06,45.890438,2.696102,0.051995017
GMM_location_0.10,1.1,2.55,0.0,0.4299442,5.76122e-07,45.758232,0.0,1.1856152,1.6752225e-06,45.758232,2.7576025,0.053180862
GMM_location_0.10,1.1,2.575,0.0,0.42576998,5.7052864e-07,45.626465,0.0,1.2005903,1.6964276e-06,45.626465,2.8198094,0.054380264
GMM_location_0.10,1.1,2.6,0.0,0.42167604,5.6504274e-07,45.49518,0.0,1.2155762,1.7176492e-06,45.49518,2.8827252,0.05559332
GMM_location_0.10,1.1,2.625,0.0,0.41766012,5.5966154e-07,45.36438,0.0,1.2305726,1.7388851e-06,45.36438,2.9463494,0.05681995
GMM_location_0.10,1.1,2.6499999,0.0,0.41371998,5.5438176e-07,45.234104,0.0,1.2455792,1.7601337e-06,45.234104,3.0106819,0.058060184
GMM_location_0.10,1.1,2.675,0.0,0.40985337,5.492005e-07,45.10439,0.0,1.2605958,1.781398e-06,45.10439,3.075724,0.059314072
GMM_location_0.10,1.1,2.6999998,0.0,0.40605846,5.4411515e-07,44.975235,0.0,1.2756214,1.8026755e-06,44.975235,3.1414723,0.060581516
GMM_location_0.10,1.1,2.725,0.0,0.4023331,5.391233e-07,44.84667,0.0,1.2906568,1.8239663e-06,44.84667,3.2079308,0.061862648
GMM_location_0.10,1.1,2.75,0.0,0.39867556,5.342222e-07,44.7187,0.0,1.3057011,1.8452696e-06,44.7187,3.275097,0.06315733
GMM_location_0.10,1.1,2.775,0.0,0.39508384,5.2940936e-07,44.59136,0.0,1.3207543,1.8665844e-06,44.59136,3.342972,0.06446561
GMM_location_0.10,1.1,2.8,0.0,0.39155632,5.2468255e-07,44.464664,0.0,1.3358157,1.8879109e-06,44.464664,3.4115543,0.06578751
GMM_location_0.10,1.1,2.825,0.0,0.3880912,5.200394e-07,44.338608,0.0,1.3508856,1.90925e-06,44.338608,3.4808457,0.067123026
GMM_location_0.10,1.1,2.85,0.0,0.38468695,5.154776e-07,44.213238,0.0,1.3659638,1.9306015e-06,44.213238,3.5508451,0.06847216
GMM_location_0.10,1.1,2.875,0.0,0.38134181,5.1099516e-07,44.08853,0.0,1.3810498,1.9519625e-06,44.08853,3.6215534,0.069834895
GMM_location_0.10,1.1,2.8999999,0.0,0.37805444,5.0658997e-07,43.964527,0.0,1.3961434,1.9733347e-06,43.964527,3.6929693,0.0712112
GMM_location_0.10,1.1,2.925,0.0,0.37482315,5.0226015e-07,43.84122,0.0,1.411245,1.9947188e-06,43.84122,3.7650955,0.072601184
GMM_location_0.10,1.1,2.9499998,0.0,0.3716467,4.980039e-07,43.718624,0.0,1.4263532,2.0161112e-06,43.718624,3.8379278,0.07400474
GMM_location_0.10,1.1,2.9750001,0.0,0.36852363,4.9381896e-07,43.59675,0.0,1.4414691,2.0375144e-06,43.59675,3.91147,0.075421914
GMM_location_0.10,1.1,3.0,0.0,0.3654526,4.8970367e-07,43.4756,0.0,1.4565918,2.0589273e-06,43.4756,3.9857204,0.07685267
GMM_location_0.50,1.5,0.5,0.0,2.9986715,3.960878e-06,17.75538,0.0,0.9060253,1.245022e-06,17.75538,0.30214223,0.0040259915
GMM_location_0.50,1.5,0.525,0.0,2.8558776,3.772262e-06,24.08481,0.0,0.8126403,1.1154968e-06,24.08481,0.2845501,0.0037519208
GMM_location_0.50,1.5,0.55,0.0,2.726065,3.6007962e-06,30.737764,0.0,0.7296292,1.0004654e-06,30.737764,0.26764923,0.0034900694
GMM_location_0.50,1.5,0.575,0.0,2.6075401,3.4442414e-06,37.17327,0.0,0.6556399,8.9804223e-07,37.17327,0.25144,0.0032404826
GMM_location_0.50,1.5,0.59999996,0.0,2.4988933,3.3007316e-06,43.04963,0.0,0.589544,8.066559e-07,43.04963,0.23592204,0.0030032068
GMM_location_0.50,1.5,0.625,0.0,2.3989372,3.1687014e-06,48.24674,0.0,0.5303941,7.2498665e-07,48.24674,0.22109544,0.0027783024
GMM_location_0.50,1.5,0.65,0.0,2.3066707,3.0468286e-06,52.78933,0.0,0.4773892,6.5192e-07,52.78933,0.20696028,0.002565846
GMM_location_0.50,1.5,0.675,0.0,2.221238,2.9339824e-06,56.763447,0.0,0.42984614,5.8650465e-07,56.763447,0.19351648,0.0023659219
GMM_location_0.50,1.5,0.7,0.0,2.1419084,2.829198e-06,60.264416,0.0,0.3871801,5.279269e-07,60.264416,0.18076408,0.002178633
GMM_location_0.50,1.5,0.725,0.0,2.0680494,2.731639e-06,63.375263,0.0,0.3488862,4.7548335e-07,63.375263,0.16870302,0.0020040914
GMM_location_0.50,1.5,0.75,0.0,1.9991145,2.6405844e-06,66.161415,0.0,0.31452745,4.2856658e-07,66.161415,0.15733339,0.0018424344
GMM_location_0.50,1.5,0.775,0.0,1.9346272,2.5554045e-06,68.67272,0.0,0.28372312,3.8664487e-07,68.67272,0.14665519,0.0016938102
GMM_location_0.50,1.5,0.79999995,0.0,1.8741698,2.4755482e-06,70.946945,0.0,0.25613967,3.492527e-07,70.946945,0.13666834,0.0015583716
GMM_location_0.50,1.5,0.825,0.0,1.8173767,2.4005312e-06,73.01313,0.0,0.23148452,3.1597932e-07,73.01313,0.12737289,0.0014362775
GMM_location_0.50,1.5,0.85,0.0,1.7639242,2.3299272e-06,74.89434,0.0,0.20949915,2.8645968e-07,74.89434,0.11876879,0.0013276704
GMM_location_0.50,1.5,0.875,0.0,1.7135265,2.2633583e-06,76.60927,0.0,0.18995485,2.603679e-07,76.60927,0.11085609,0.0012326525
GMM_location_0.50,1.5,0.9,0.0,1.6659288,2.2004874e-06,78.17356,0.0,0.17264822,2.3740995e-07,78.17356,0.10363481,0.0011512573
GMM_location_0.50,1.5,0.92499995,0.0,1.6209036,2.1410144e-06,79.60074,0.0,0.15739775,2.1731906e-07,79.60074,0.09710494,0.0010834166
GMM_location_0.50,1.5,0.9499999,0.0,1.5782481,2.084672e-06,80.90255,0.0,0.14404105,1.9985121e-07,80.90255,0.091266416,0.0010289251
GMM_location_0.50,1.5,0.975,0.0,1.5377802,2.0312177e-06,82.08947,0.0,0.13243249,1.8478197e-07,82.08947,0.08611926,0.0009874235
GMM_location_0.50,1.5,1.0,0.0,1.4993356,1.9804386e-06,83.17094,0.0,0.12244109,1.7190459e-07,83.17094,0.081663564,0.0009584081
GMM_location_0.50,1.5,1.025,0.0,1.4627666,1.9321353e-06,84.15532,0.0,0.11394838,1.6102724e-07,84.15532,0.07789922,0.00094125606
GMM_location_0.50,1.5,1.05,0.0,1.4279389,1.8861311e-06,85.05046,0.0,0.10684735,1.5197465e-07,85.05046,0.07482628,0.0009352971
GMM_location_0.50,1.5,1.075,0.0,1.3947309,1.8422679e-06,85.86331,0.0,0.10104086,1.4458736e-07,85.86331,0.0724447,0.00093988905
GMM_location_0.50,1.5,1.0999999,0.0,1.3630327,1.8003988e-06,86.60031,0.0,0.09644072,1.3872322e-07,86.60031,0.07075451,0.00095448754
GMM_location_0.50,1.5,1.125,0.0,1.3327432,1.7603901e-06,87.26732,0.0,0.092966475,1.3425795e-07,87.26732,0.06975573,0.0009787097
GMM_location_0.50,1.5,1.15,0.0,1.3037701,1.7221205e-06,87.86974,0.0,0.09054468,1.3108541e-07,87.86974,0.06944835,0.0010123494
GMM_location_0.50,1.5,1.175,0.0,1.2760307,1.6854798e-06,88.41248,0.0,0.08910818,1.2911822e-07,88.41248,0.06983232,0.001055385
GMM_location_0.50,1.5,1.2,0.0,1.2494465,1.6503651e-06,88.90012,0.0,0.08859541,1.2828507e-07,88.90012,0.07090773,0.0011079485
GMM_location_0.50,1.5,1.225,0.0,1.2239475,1.616684e-06,89.33679,0.0,0.08894977,1.2852924e-07,89.33679,0.0726745,0.0011702855
GMM_location_0.50,1.5,1.25,0.0,1.1994686,1.5843507e-06,89.72627,0.0,0.09011927,1.2980547e-07,89.72627,0.07513266,0.0012427156
GMM_location_0.50,1.5,1.275,0.0,1.1759497,1.5532848e-06,90.07218,0.0,0.09205595,1.3207641e-07,90.07218,0.078282215,0.0013255893
GMM_location_0.50,1.5,1.3,0.0,1.1533352,1.5234139e-06,90.37766,0.0,0.094715536,1.3530999e-07,90.37766,0.08212316,0.0014192547
GMM_location_0.50,1.5,1.3249999,0.0,1.1315742,1.4946701e-06,90.645805,0.0,0.09805711,1.3947626e-07,90.645805,0.08665549,0.0015240326
GMM_location_0.50,1.5,1.3499999,0.0,1.1106192,1.4669913e-06,90.87928,0.0,0.102042764,1.445458e-07,90.87928,0.09187917,0.0016402049
GMM_location_0.50,1.5,1.375,0.0,1.0904258,1.4403187e-06,91.08064,0.0,0.10663748,1.5048852e-07,91.08064,0.09779434,0.0017680095
GMM_location_0.50,1.5,1.3999999,0.0,1.0709544,1.4145987e-06,91.25222,0.0,0.11180846,1.572731e-07,91.25222,0.10440076,0.0019076322
GMM_location_0.50,1.5,1.425,0.0,1.0521656,1.3897816e-06,91.39621,0.0,0.11752548,1.6486688e-07,91.39621,0.11169865,0.0020592243
GMM_location_0.50,1.5,1.45,0.0,1.0340247,1.3658193e-06,91.51464,0.0,0.12376037,1.7323653e-07,91.51464,0.11968802,0.0022228947
GMM_location_0.50,1.5,1.4749999,0.0,1.0164988,1.3426697e-06,91.60928,0.0,0.13048661,1.8234785e-07,91.60928,0.12836868,0.0023987177
GMM_location_0.50,1.5,1.5,0.0,0.99955726,1.320292e-06,91.68192,0.0,0.13767977,1.9216728e-07,91.68192,0.13774076,0.0025867543
GMM_location_0.50,1.5,1.5250001,0.0,0.9831709,1.2986476e-06,91.73413,0.0,0.14531681,2.026612e-07,91.73413,0.14780422,0.0027870345
GMM_location_0.50,1.5,1.55,0.0,0.9673134,1.2777019e-06,91.76735,0.0,0.1533763,2.1379739e-07,91.76735,0.15855905,0.0029995793
GMM_location_0.50,1.5,1.575,0.0,0.95195913,1.2574209e-06,91.78297,0.0,0.1618381,2.2554443e-07,91.78297,0.1700053,0.003224401
GMM_location_0.50,1.5,1.5999999,0.0,0.9370849,1.2377737e-06,91.78225,0.0,0.17068331,2.3787244e-07,91.78225,0.18214284,0.003461494
GMM_location_0.50,1.5,1.625,0.0,0.92266816,1.2187311e-06,91.76633,0.0,0.17989436,2.507531e-07,91.76633,0.19497189,0.0037108622
GMM_location_0.50,1.5,1.65,0.0,0.90868837,1.2002655e-06,91.73634,0.0,0.18945451,2.6415952e-07,91.73634,0.20849228,0.0039724926
GMM_location_0.50,1.5,1.675,0.0,0.89512587,1.1823511e-06,91.69327,0.0,0.19934818,2.780664e-07,91.69327,0.22270408,0.004246379
GMM_location_0.50,1.5,1.6999999,0.0,0.88196236,1.1649636e-06,91.63811,0.0,0.20956047,2.9244944e-07,91.63811,0.23760705,0.0045325
GMM_location_0.50,1.5,1.7249999,0.0,0.8691802,1.1480803e-06,91.571655,0.0,0.22007795,3.0728694e-07,91.571655,0.25320175,0.004830858
GMM_location_0.50,1.5,1.75,0.0,0.85676336,1.1316791e-06,91.494774,0.0,0.23088714,3.2255684e-07,91.494774,0.26948765,0.0051414263
GMM_location_0.50,1.5,1.775,0.0,0.84469616,1.1157399e-06,91.40817,0.0,0.24197593,3.3824045e-07,91.40817,0.28646505,0.0054642013
GMM_location_0.50,1.5,1.8,0.0,0.8329644,1.1002438e-06,91.312584,0.0,0.2533325,3.5431836e-07,91.312584,0.30413362,0.0057991645
GMM_location_0.50,1.5,1.8249999,0.0,0.8215539,1.0851717e-06,91.20871,0.0,0.26494604,3.7077336e-07,91.20871,0.32249382,0.00614631
GMM_location_0.50,1.5,1.85,0.0,0.8104517,1.0705072e-06,91.0971,0.0,0.2768062,3.8758947e-07,91.0971,0.3415456,0.006505627
GMM_location_0.50,1.5,1.875,0.0,0.79964566,1.0562335e-06,90.9783,0.0,0.28890273,4.0475064e-07,90.9783,0.36128843,0.0068770964
GMM_location_0.50,1.5,1.9,0.0,0.7891241,1.0423361e-06,90.85294,0.0,0.30122647,4.2224224e-07,90.85294,0.38172257,0.007260713
GMM_location_0.50,1.5,1.925,0.0,0.7788758,1.028799e-06,90.72142,0.0,0.3137687,4.4005097e-07,90.72142,0.40284818,0.007656467
GMM_location_0.50,1.5,1.95,0.0,0.7688901,1.0156089e-06,90.58423,0.0,0.3265211,4.58164e-07,90.58423,0.4246655,0.008064358
GMM_location_0.50,1.5,1.975,0.0,0.75915724,1.0027533e-06,90.44185,0.0,0.33947545,4.7656863e-07,90.44185,0.4471741,0.008484366
GMM_location_0.50,1.5,2.0,0.0,0.7496679,9.902195e-07,90.29458,0.0,0.35262406,4.952538e-07,90.29458,0.4703737,0.00891649
GMM_location_0.50,1.5,2.0249999,0.0,0.7404128,9.779941e-07,90.142914,0.0,0.36595997,5.14208e-07,90.142914,0.4942648,0.009360712
GMM_location_0.50,1.5,2.05,0.0,0.73138326,9.66067e-07,89.9871,0.0,0.3794765,5.334218e-07,89.9871,0.51884764,0.009817047
GMM_location_0.50,1.5,2.075,0.0,0.7225715,9.544281e-07,89.8275,0.0,0.3931668,5.528847e-07,89.8275,0.5441217,0.010285477
GMM_location_0.50,1.5,2.1,0.0,0.7139694,9.430655e-07,89.66445,0.0,0.40702468,5.725877e-07,89.66445,0.570087,0.01076599
GMM_location_0.50,1.5,2.125,0.0,0.70556986,9.3197093e-07,89.49821,0.0,0.42104432,5.925217e-07,89.49821,0.59674364,0.01125859
GMM_location_0.50,1.5,2.1499999,0.0,0.69736564,9.2113413e-07,89.329056,0.0,0.43522003,6.126787e-07,89.329056,0.62409157,0.011763268
GMM_location_0.50,1.5,2.175,0.0,0.6893498,9.105461e-07,89.15722,0.0,0.44954666,6.330509e-07,89.15722,0.65213144,0.012280029
GMM_location_0.50,1.5,2.2,0.0,0.68151623,9.0019904e-07,88.98294,0.0,0.46401897,6.5363014e-07,88.98294,0.68086267,0.012808862
GMM_location_0.50,1.5,2.225,0.0,0.6738589,8.9008444e-07,88.80644,0.0,0.4786316,6.7440925e-07,88.80644,0.7102846,0.013349749
GMM_location_0.50,1.5,2.25,0.0,0.66637146,8.801947e-07,88.627945,0.0,0.49338052,6.953825e-07,88.627945,0.74039865,0.013902723
GMM_location_0.50,1.5,2.2749999,0.0,0.6590487,8.705223e-07,88.447586,0.0,0.50826097,7.16542e-07,88.447586,0.771204,0.014467747
GMM_location_0.50,1.5,2.3,0.0,0.65188503,8.6106036e-07,88.265625,0.0,0.52326834,7.378817e-07,88.265625,0.80270034,0.015044829
GMM_location_0.50,1.5,2.325,0.0,0.64487565,8.518013e-07,88.08214,0.0,0.538399,7.59396e-07,88.08214,0.83488804,0.015633967
GMM_location_0.50,1.5,2.35,0.0,0.6380154,8.4273984e-07,87.89737,0.0,0.55364877,7.81079e-07,87.89737,0.8677671,0.016235152
GMM_location_0.50,1.5,2.375,0.0,0.6312993,8.3386874e-07,87.711395,0.0,0.5690142,8.029258e-07,87.711395,0.9013382,0.0168484
GMM_location_0.50,1.5,2.4,0.0,0.62472326,8.251825e-07,87.52438,0.0,0.5844914,8.249305e-07,87.52438,0.93560046,0.017473698
GMM_location_0.50,1.5,2.425,0.0,0.61828285,8.166756e-07,87.336464,0.0,0.6000767,8.470883e-07,87.336464,0.97055364,0.018111026
GMM_location_0.50,1.5,2.4499998,0.0,0.6119738,8.083422e-07,87.147766,0.0,0.615767,8.6939406e-07,87.147766,1.0061983,0.018760407
GMM_location_0.50,1.5,2.475,0.0,0.6057923,8.0017685e-07,86.95836,0.0,0.63155955,8.9184425e-07,86.95836,1.0425348,0.01942183
GMM_location_0.50,1.5,2.5,0.0,0.5997343,7.9217534e-07,86.7684,0.0,0.6474508,9.144343e-07,86.7684,1.0795628,0.02009532
GMM_location_0.50,1.5,2.5249999,0.0,0.5937964,7.8433203e-07,86.57794,0.0,0.6634376,9.371583e-07,86.57794,1.1172813,0.020780813
GMM_location_0.50,1.5,2.55,0.0,0.58797485,7.766425e-07,86.3871,0.0,0.6795179,9.600144e-07,86.3871,1.1556922,0.021478375
GMM_location_0.50,1.5,2.575,0.0,0.58226633,7.6910237e-07,86.19597,0.0,0.6956882,9.829973e-07,86.19597,1.1947938,0.022187954
GMM_location_0.50,1.5,2.6,0.0,0.57666767,7.6170716e-07,86.00461,0.0,0.7119464,1.0061036e-06,86.00461,1.2345871,0.022909569
GMM_location_0.50,1.5,2.625,0.0,0.5711756,7.5445274e-07,85.8131,0.0,0.72828966,1.0293303e-06,85.8131,1.2750714,0.023643222
GMM_location_0.50,1.5,2.6499999,0.0,0.56578714,7.473352e-07,85.62151,0.0,0.74471575,1.0526729e-06,85.62151,1.3162472,0.024388896
GMM_location_0.50,1.5,2.675,0.0,0.5604993,7.4035074e-07,85.4299,0.0,0.7612227,1.0761299e-06,85.4299,1.3581153,0.02514663
GMM_location_0.50,1.5,2.6999998,0.0,0.5553096,7.3349565e-07,85.238365,0.0,0.77780735,1.0996959e-06,85.238365,1.4006734,0.025916371
GMM_location_0.50,1.5,2.725,0.0,0.55021495,7.2676613e-07,85.04694,0.0,0.79446864,1.1233693e-06,85.04694,1.4439242,0.026698163
GMM_location_0.50,1.5,2.75,0.0,0.545213,7.2015933e-07,84.855644,0.0,0.81120366,1.1471463e-06,84.855644,1.4878657,0.027491968
GMM_location_0.50,1.5,2.775,0.0,0.54030114,7.136714e-07,84.664604,0.0,0.8280107,1.1710249e-06,84.664604,1.5324985,0.028297802
GMM_location_0.50,1.5,2.8,0.0,0.5354771,7.072995e-07,84.47378,0.0,0.8448879,1.1950027e-06,84.47378,1.5778227,0.029115684
GMM_location_0.50,1.5,2.825,0.0,0.53073835,7.0103994e-07,84.28327,0.0,0.8618333,1.2190753e-06,84.28327,1.6238383,0.029945577
GMM_location_0.50,1.5,2.85,0.0,0.52608275,6.948907e-07,84.09311,0.0,0.878845,1.243241e-06,84.09311,1.6705451,0.030787481
GMM_location_0.50,1.5,2.875,0.0,0.5215081,6.8884816e-07,83.90331,0.0,0.8959218,1.2674976e-06,83.90331,1.7179443,0.03164144
GMM_location_0.50,1.5,2.8999999,0.0,0.5170124,6.8290984e-07,83.71393,0.0,0.9130611,1.2918433e-06,83.71393,1.7660332,0.0325074
GMM_location_0.50,1.5,2.925,0.0,0.5125934,6.770728e-07,83.524994,0.0,0.9302623,1.3162748e-06,83.524994,1.8148153,0.03338541
GMM_location_0.50,1.5,2.9499998,0.0,0.50824946,6.713351e-07,83.33655,0.0,0.94752306,1.3407902e-06,83.33655,1.8642874,0.03427542
GMM_location_0.50,1.5,2.9750001,0.0,0.50397843,6.656935e-07,83.14859,0.0,0.9648425,1.3653878e-06,83.14859,1.914452,0.035177466
GMM_location_0.50,1.5,3.0,0.0,0.49977863,6.601461e-07,82.96114,0.0,0.9822185,1.3900644e-06,82.96114,1.9653071,0.03609151
GMM_location_1.00,2.0,0.5,0.0,3.9970744,5.327079e-06,0.7733656,0.0,2.9162922,4.0701275e-06,0.7733656,0.7296067,0.0105225
GMM_location_1.00,2.0,0.525,0.0,3.8067374,5.0734075e-06,1.0143442,0.0,2.6745193,3.7317805e-06,1.0143442,0.7025752,0.010108698
GMM_location_1.00,2.0,0.55,0.0,3.633704,4.8427987e-06,1.338552,0.0,2.4566617,3.4269258e-06,1.338552,0.6760765,0.009703491
GMM_location_1.00,2.0,0.575,0.0,3.4757168,4.6322425e-06,1.7747399,0.0,2.2595992,3.1511947e-06,1.7747399,0.65011024,0.009306878
GMM_location_1.00,2.0,0.59999996,0.0,3.330896,4.4392327e-06,2.3605165,0.0,2.0807328,2.9009457e-06,2.3605165,0.62467664,0.008918857
GMM_location_1.00,2.0,0.625,0.0,3.1976595,4.261664e-06,3.1440272,0.0,1.9178784,2.673121e-06,3.1440272,0.5997757,0.008539433
GMM_location_1.00,2.0,0.65,0.0,3.0746727,4.097752e-06,4.1850896,0.0,1.7691892,2.465135e-06,4.1850896,0.5754073,0.008168602
GMM_location_1.00,2.0,0.675,0.0,2.9607956,3.945983e-06,5.5549965,0.0,1.633091,2.2747818e-06,5.5549965,0.55157167,0.0078063714
GMM_location_1.00,2.0,0.7,0.0,2.8550532,3.8050557e-06,7.333702,0.0,1.508235,2.1001738e-06,7.333702,0.52826864,0.0074527394
GMM_location_1.00,2.0,0.725,0.0,2.756603,3.6738468e-06,9.603357,0.0,1.3934578,1.9396819e-06,9.603357,0.5054982,0.0071077063
GMM_location_1.00,2.0,0.75,0.0,2.6647165,3.5513863e-06,12.436703,0.0,1.2877522,1.7918961e-06,12.436703,0.48326048,0.0067712716
GMM_location_1.00,2.0,0.775,0.0,2.578758,3.4368254e-06,15.881157,0.0,1.1902394,1.6555845e-06,15.881157,0.4615553,0.0064434404
GMM_location_1.00,2.0,0.79999995,0.0,2.4981718,3.3294243e-06,19.940855,0.0,1.1001515,1.5296717e-06,19.940855,0.44038266,0.006124206
GMM_location_1.00,2.0,0.825,0.0,2.4224696,3.2285327e-06,24.562485,0.0,1.016814,1.4132152e-06,24.562485,0.41974273,0.005813578
GMM_location_1.00,2.0,0.85,0.0,2.3512201,3.133576e-06,29.631632,0.0,0.93963075,1.3053788e-06,29.631632,0.39963537,0.0055115554
GMM_location_1.00,2.0,0.875,0.0,2.2840424,3.0440444e-06,34.98368,0.0,0.8680748,1.2054246e-06,34.98368,0.3800607,0.005218142
GMM_location_1.00,2.0,0.9,0.0,2.220597,2.9594892e-06,40.42839,0.0,0.8016771,1.1126969e-06,40.42839,0.36101872,0.004933342
GMM_location_1.00,2.0,0.92499995,0.0,2.1605809,2.879502e-06,45.78069,0.0,0.7400191,1.0266094e-06,45.78069,0.34250933,0.0046571544
GMM_location_1.00,2.0,0.9499999,0.0,2.1037235,2.8037261e-06,50.886665,0.0,0.6827265,9.466372e-07,50.886665,0.32453242,0.004389581
GMM_location_1.00,2.0,0.975,0.0,2.0497818,2.7318354e-06,55.63879,0.0,0.6294636,8.7231143e-07,55.63879,0.3070881,0.0041306266
GMM_location_1.00,2.0,1.0,0.0,1.998537,2.6635396e-06,59.978134,0.0,0.5799288,8.032099e-07,59.978134,0.2901767,0.0038803064
GMM_location_1.00,2.0,1.025,0.0,1.9497926,2.5985755e-06,63.88729,0.0,0.53384876,7.3895006e-07,63.88729,0.27379772,0.0036386142
GMM_location_1.00,2.0,1.05,0.0,1.9033691,2.5367046e-06,67.37876,0.0,0.49097672,6.7918637e-07,67.37876,0.2579514,0.0034055596
GMM_location_1.00,2.0,1.075,0.0,1.8591044,2.4777112e-06,70.483284,0.0,0.45108867,6.236057e-07,70.483284,0.24263762,0.0031811497
GMM_location_1.00,2.0,1.0999999,0.0,1.8168522,2.4213998e-06,73.24024,0.0,0.4139818,5.7192443e-07,73.24024,0.22785662,0.002965396
GMM_location_1.00,2.0,1.125,0.0,1.7764777,2.3675918e-06,75.69129,0.0,0.3794701,5.2388253e-07,75.69129,0.21360815,0.0027583076
GMM_location_1.00,2.0,1.15,0.0,1.7378584,2.316121e-06,77.87607,0.0,0.34738448,4.79244e-07,77.87607,0.19989228,0.0025598954
GMM_location_1.00,2.0,1.175,0.0,1.700883,2.266842e-06,79.83034,0.0,0.3175704,4.3779252e-07,79.83034,0.18670914,0.002370178
GMM_location_1.00,2.0,1.2,0.0,1.6654478,2.219616e-06,81.58527,0.0,0.28988525,3.993293e-07,81.58527,0.17405844,0.0021891715
GMM_location_1.00,2.0,1.225,0.0,1.6314589,2.1743176e-06,83.16724,0.0,0.2641993,3.6367317e-07,83.16724,0.16194052,0.0020168968
GMM_location_1.00,2.0,1.25,0.0,1.5988297,2.130832e-06,84.59853,0.0,0.24039236,3.30657e-07,84.59853,0.15035519,0.0018533821
GMM_location_1.00,2.0,1.275,0.0,1.5674802,2.08905e-06,85.8977,0.0,0.21835391,3.0012635e-07,85.8977,0.1393025,0.0016986567
GMM_location_1.00,2.0,1.3,0.0,1.5373362,2.0488765e-06,87.080215,0.0,0.19798182,2.7193948e-07,87.080215,0.12878238,0.0015527576
GMM_location_1.00,2.0,1.3249999,0.0,1.50833,2.0102186e-06,88.15906,0.0,0.17918202,2.4596534e-07,88.15906,0.11879498,0.0014157287
GMM_location_1.00,2.0,1.3499999,0.0,1.480398,1.972992e-06,89.14503,0.0,0.16186702,2.2208279e-07,89.14503,0.1093402,0.0012876207
GMM_location_1.00,2.0,1.375,0.0,1.4534817,1.9371191e-06,90.04742,0.0,0.14595558,2.0017863e-07,90.04742,0.1004179,0.0011684924
GMM_location_1.00,2.0,1.3999999,0.0,1.4275268,1.9025281e-06,90.87406,0.0,0.13137303,1.8014944e-07,90.87406,0.09202842,0.0010584147
GMM_location_1.00,2.0,1.425,0.0,1.4024824,1.8691507e-06,91.631714,0.0,0.11804894,1.6189732e-07,91.631714,0.08417143,0.0009574622
GMM_location_1.00,2.0,1.45,0.0,1.3783014,1.8369229e-06,92.32625,0.0,0.105918355,1.4533175e-07,92.32625,0.076847024,0.00086571305
GMM_location_1.00,2.0,1.4749999,0.0,1.3549407,1.8057892e-06,92.96278,0.0,0.0949208,1.3036791e-07,92.96278,0.07005532,0.0007832468
GMM_location_1.00,2.0,1.5,0.0,1.3323581,1.775693e-06,93.545906,0.0,0.08499941,1.1692531e-07,93.545906,0.06379622,0.00071012514
GMM_location_1.00,2.0,1.5250001,0.0,1.3105161,1.7465837e-06,94.079636,0.0,0.07610136,1.0492781e-07,94.079636,0.058069766,0.0006463775
GMM_location_1.00,2.0,1.55,0.0,1.2893789,1.7184119e-06,94.56763,0.0,0.0681771,9.4302116e-08,94.56763,0.05287592,0.0005919767
GMM_location_1.00,2.0,1.575,0.0,1.2689123,1.6911362e-06,95.013084,0.0,0.06118023,8.497732e-08,95.013084,0.048214704,0.00054680853
GMM_location_1.00,2.0,1.5999999,0.0,1.2490859,1.664712e-06,95.41903,0.0,0.05506736,7.688381e-08,95.41903,0.04408613,0.00051064696
GMM_location_1.00,2.0,1.625,0.0,1.2298689,1.6391016e-06,95.78822,0.0,0.0497976,6.995254e-08,95.78822,0.04049017,0.00048314504
GMM_location_1.00,2.0,1.65,0.0,1.2112348,1.6142662e-06,96.12303,0.0,0.045332663,6.411512e-08,96.12303,0.03742682,0.0004638511
GMM_location_1.00,2.0,1.675,0.0,1.1931565,1.5901722e-06,96.42575,0.0,0.041636493,5.9304128e-08,96.42575,0.034896087,0.00045226375
GMM_location_1.00,2.0,1.6999999,0.0,1.1756103,1.5667881e-06,96.69856,0.0,0.038675237,5.5454837e-08,96.69856,0.03289801,0.0004479075
GMM_location_1.00,2.0,1.7249999,0.0,1.1585723,1.5440808e-06,96.94329,0.0,0.036416862,5.250708e-08,96.94329,0.03143253,0.00045041606
GMM_location_1.00,2.0,1.75,0.0,1.1420214,1.5220224e-06,97.16177,0.0,0.03483128,5.040838e-08,97.16177,0.030499674,0.00045959323
GMM_location_1.00,2.0,1.775,0.0,1.1259365,1.5005857e-06,97.355675,0.0,0.033890072,4.9116423e-08,97.355675,0.030099452,0.00047543907
GMM_location_1.00,2.0,1.8,0.0,1.1102985,1.4797442e-06,97.52654,0.0,0.03356638,4.859994e-08,97.52654,0.030231854,0.00049812836
GMM_location_1.00,2.0,1.8249999,0.0,1.095089,1.4594741e-06,97.6758,0.0,0.03383483,4.8838473e-08,97.6758,0.030896878,0.0005279653
GMM_location_1.00,2.0,1.85,0.0,1.0802903,1.4397509e-06,97.804794,0.0,0.03467141,4.9819665e-08,97.804794,0.03209453,0.0005653165
GMM_location_1.00,2.0,1.875,0.0,1.0658865,1.4205542e-06,97.91473,0.0,0.0360534,5.1535523e-08,97.91473,0.0338248,0.00061055314
GMM_location_1.00,2.0,1.9,0.0,1.0518618,1.4018631e-06,98.0068,0.0,0.037959263,5.3978848e-08,98.0068,0.03608769,0.0006640063
GMM_location_1.00,2.0,1.925,0.0,1.0382012,1.3836566e-06,98.08212,0.0,0.04036859,5.7139975e-08,98.08212,0.038883206,0.000725943
GMM_location_1.00,2.0,1.95,0.0,1.0248909,1.3659177e-06,98.141685,0.0,0.04326205,6.100571e-08,98.141685,0.042211372,0.0007965605
GMM_location_1.00,2.0,1.975,0.0,1.0119175,1.3486277e-06,98.186424,0.0,0.04662122,6.555868e-08,98.186424,0.046072155,0.0008759893
GMM_location_1.00,2.0,2.0,0.0,0.9992686,1.3317698e-06,98.217255,0.0,0.050428607,7.0778164e-08,98.217255,0.050465517,0.0009643067
GMM_location_1.00,2.0,2.0249999,0.0,0.98693204,1.3153283e-06,98.23498,0.0,0.05466765,7.6641555e-08,98.23498,0.055391505,0.001061554
GMM_location_1.00,2.0,2.05,0.0,0.97489625,1.2992875e-06,98.24043,0.0,0.05932263,8.312496e-08,98.24043,0.060850196,0.001167743
GMM_location_1.00,2.0,2.075,0.0,0.96315044,1.2836335e-06,98.23431,0.0,0.064378396,9.0204075e-08,98.23431,0.066841476,0.0012828648
GMM_location_1.00,2.0,2.1,0.0,0.95168436,1.2683519e-06,98.21732,0.0,0.069820665,9.7855256e-08,98.21732,0.07336536,0.0014069023
GMM_location_1.00,2.0,2.125,0.0,0.94048816,1.2534304e-06,98.1901,0.0,0.07563575,1.0605556e-07,98.1901,0.080421805,0.0015398319
GMM_location_1.00,2.0,2.1499999,0.0,0.92955226,1.2388559e-06,98.15324,0.0,0.08181073,1.1478331e-07,98.15324,0.0880109,0.0016816299
GMM_location_1.00,2.0,2.175,0.0,0.9188677,1.2246161e-06,98.10736,0.0,0.088333234,1.2401787e-07,98.10736,0.0961327,0.0018322712
GMM_location_1.00,2.0,2.2,0.0,0.908426,1.2106997e-06,98.05301,0.0,0.09519143,1.3373983e-07,98.05301,0.104787216,0.001991732
GMM_location_1.00,2.0,2.225,0.0,0.89821917,1.1970966e-06,97.990616,0.0,0.10237368,1.4393022e-07,97.990616,0.11397406,0.0021599806
GMM_location_1.00,2.0,2.25,0.0,0.8882388,1.1837957e-06,97.920685,0.0,0.10986961,1.5457236e-07,97.920685,0.12369377,0.0023370064
GMM_location_1.00,2.0,2.2749999,0.0,0.8784779,1.1707864e-06,97.843704,0.0,0.11766866,1.6564962e-07,97.843704,0.13394608,0.0025227836
GMM_location_1.00,2.0,2.3,0.0,0.8689292,1.1580606e-06,97.760056,0.0,0.12576094,1.7714655e-07,97.760056,0.14473094,0.002717297
GMM_location_1.00,2.0,2.325,0.0,0.85958594,1.145608e-06,97.67017,0.0,0.13413702,1.890486e-07,97.67017,0.15604842,0.0029205307
GMM_location_1.00,2.0,2.35,0.0,0.8504415,1.133421e-06,97.574394,0.0,0.1427878,2.0134202e-07,97.574394,0.16789843,0.0031324725
GMM_location_1.00,2.0,2.375,0.0,0.84148943,1.1214904e-06,97.47311,0.0,0.15170476,2.1401368e-07,97.47311,0.18028124,0.0033531098
GMM_location_1.00,2.0,2.4,0.0,0.8327239,1.1098083e-06,97.36663,0.0,0.16087955,2.2705119e-07,97.36663,0.19319674,0.003582433
GMM_location_1.00,2.0,2.425,0.0,0.8241391,1.0983667e-06,97.25529,0.0,0.17030388,2.4044235e-07,97.25529,0.20664458,0.0038204258
GMM_location_1.00,2.0,2.4499998,0.0,0.81572956,1.0871589e-06,97.13935,0.0,0.1799705,2.541764e-07,97.13935,0.2206252,0.004067091
GMM_location_1.00,2.0,2.475,0.0,0.8074899,1.0761778e-06,97.01915,0.0,0.18987189,2.6824213e-07,97.01915,0.23513842,0.0043224134
GMM_location_1.00,2.0,2.5,0.0,0.7994149,1.065416e-06,96.89491,0.0,0.20000118,2.826297e-07,96.89491,0.25018448,0.004586392
GMM_location_1.00,2.0,2.5249999,0.0,0.7915,1.054867e-06,96.76689,0.0,0.21035121,2.9732877e-07,96.76689,0.26576275,0.0048590116
GMM_location_1.00,2.0,2.55,0.0,0.7837401,1.044525e-06,96.635345,0.0,0.22091603,3.123304e-07,96.635345,0.2818741,0.0051402794
GMM_location_1.00,2.0,2.575,0.0,0.77613103,1.0343842e-06,96.50049,0.0,0.23168889,3.276253e-07,96.50049,0.29851773,0.0054301815
GMM_location_1.00,2.0,2.6,0.0,0.7686682,1.024438e-06,96.36253,0.0,0.24266407,3.4320487e-07,96.36253,0.31569418,0.0057287174
GMM_location_1.00,2.0,2.625,0.0,0.7613476,1.0146815e-06,96.22168,0.0,0.25383562,3.5906078e-07,96.22168,0.33340305,0.0060358797
GMM_location_1.00,2.0,2.6499999,0.0,0.7541651,1.0051093e-06,96.0781,0.0,0.2651981,3.7518512e-07,96.0781,0.35164464,0.00635167
GMM_location_1.00,2.0,2.675,0.0,0.74711674,9.957157e-07,95.932,0.0,0.2767463,3.9157072e-07,95.932,0.37041909,0.0066760876
GMM_location_1.00,2.0,2.6999998,0.0,0.74019897,9.864962e-07,95.78355,0.0,0.28847462,4.0820922e-07,95.78355,0.38972577,0.007009118
GMM_location_1.00,2.0,2.725,0.0,0.73340815,9.774457e-07,95.6329,0.0,0.30037865,4.2509464e-07,95.6329,0.40956548,0.0073507745
GMM_location_1.00,2.0,2.75,0.0,0.72674084,9.685596e-07,95.48017,0.0,0.31245312,4.4221937e-07,95.48017,0.42993748,0.0077010393
GMM_location_1.00,2.0,2.775,0.0,0.7201937,9.59834e-07,95.32558,0.0,0.32469368,4.595772e-07,95.32558,0.45084217,0.008059921
GMM_location_1.00,2.0,2.8,0.0,0.7137633,9.512639e-07,95.16917,0.0,0.33709586,4.77162e-07,95.16917,0.4722796,0.008427417
GMM_location_1.00,2.0,2.825,0.0,0.7074468,9.4284576e-07,95.0112,0.0,0.34965524,4.9496737e-07,95.0112,0.49424952,0.0088035185
GMM_location_1.00,2.0,2.85,0.0,0.7012412,9.3457516e-07,94.85167,0.0,0.36236784,5.129876e-07,94.85167,0.51675206,0.009188231
GMM_location_1.00,2.0,2.875,0.0,0.69514334,9.264483e-07,94.69075,0.0,0.37522972,5.312174e-07,94.69075,0.53978753,0.009581556
GMM_location_1.00,2.0,2.8999999,0.0,0.6891508,9.1846204e-07,94.52854,0.0,0.3882366,5.496505e-07,94.52854,0.5633551,0.009983484
GMM_location_1.00,2.0,2.925,0.0,0.68326056,9.1061145e-07,94.365166,0.0,0.40138534,5.6828225e-07,94.365166,0.58745575,0.010394016
GMM_location_1.00,2.0,2.9499998,0.0,0.6774703,9.0289495e-07,94.20068,0.0,0.41467202,5.871076e-07,94.20068,0.6120888,0.010813156
GMM_location_1.00,2.0,2.9750001,0.0,0.6717772,8.953074e-07,94.03526,0.0,0.4280932,6.0612166e-07,94.03526,0.6372547,0.011240904
GMM_location_1.00,2.0,3.0,0.0,0.6661791,8.8784657e-07,93.86889,0.0,0.44164535,6.2531905e-07,93.86889,0.66295284,0.011677241
GMM_scale_100.00,0.505,0.5,0.0,1.0147176,1.4219215e-06,37.7695,0.0,1.4834611,2.1190976e-06,37.7695,1.4619448,0.02841708
GMM_scale_100.00,0.505,0.525,0.0,0.96639746,1.3542108e-06,41.416805,0.0,1.2694396,1.8174372e-06,41.416805,1.3135792,0.025629684
GMM_scale_100.00,0.505,0.55,0.0,0.92247033,1.2926556e-06,43.919975,0.0,1.1077634,1.5883509e-06,43.919975,1.2008662,0.023259057
GMM_scale_100.00,0.505,0.575,0.0,0.88236296,1.236453e-06,45.449608,0.0,0.9916057,1.4221401e-06,45.449608,1.1238071,0.02129624
GMM_scale_100.00,0.505,0.59999996,0.0,0.8455979,1.1849351e-06,46.24366,0.0,0.91527617,1.310782e-06,46.24366,1.0824012,0.01971894
GMM_scale_100.00,0.505,0.625,0.0,0.81177396,1.1375374e-06,46.524605,0.0,0.87399495,1.2476637e-06,46.524605,1.0766481,0.018489048
GMM_scale_100.00,0.505,0.65,0.0,0.78055185,1.093786e-06,46.46719,0.0,0.86371875,1.2273472e-06,46.46719,1.1065488,0.017553523
GMM_scale_100.00,0.505,0.675,0.0,0.75164247,1.0532748e-06,46.19602,0.0,0.8810024,1.2453174e-06,46.19602,1.172103,0.016848583
GMM_scale_100.00,0.505,0.7,0.0,0.7247982,1.0156583e-06,45.79506,0.0,0.92289275,1.297746e-06,45.79506,1.27331,0.016306866
GMM_scale_100.00,0.505,0.725,0.0,0.69980514,9.806355e-07,45.319023,0.0,0.9868448,1.3812984e-06,45.319023,1.4101708,0.0158648
GMM_scale_100.00,0.505,0.75,0.0,0.6764783,9.4794757e-07,44.8027,0.0,1.0706513,1.4930079e-06,44.8027,1.5826838,0.015468768
GMM_scale_100.00,0.505,0.775,0.0,0.65465647,9.1736877e-07,44.267895,0.0,1.1723918,1.6302205e-06,44.267895,1.7908504,0.015079436
GMM_scale_100.00,0.505,0.79999995,0.0,0.6341985,8.887011e-07,43.72814,0.0,1.2903852,1.7905597e-06,43.72814,2.034671,0.0146743795
GMM_scale_100.00,0.505,0.825,0.0,0.6149803,8.6177073e-07,43.19171,0.0,1.4231528,1.971906e-06,43.19171,2.314144,0.014250718
GMM_scale_100.00,0.505,0.85,0.0,0.59689265,8.3642436e-07,42.663513,0.0,1.5693927,2.1723715e-06,42.663513,2.6292713,0.013827712
GMM_scale_100.00,0.505,0.875,0.0,0.5798385,8.1252665e-07,42.146458,0.0,1.7279487,2.3902887e-06,42.146458,2.9800515,0.013450394
GMM_scale_100.00,0.505,0.9,0.0,0.56373197,7.899565e-07,41.642105,0.0,1.8977937,2.6241653e-06,41.642105,3.3664823,0.013192294
GMM_scale_100.00,0.505,0.92499995,0.0,0.548496,7.686061e-07,41.15122,0.0,2.0780149,2.8726859e-06,41.15122,3.7885687,0.013154391
GMM_scale_100.00,0.505,0.9499999,0.0,0.5340618,7.483798e-07,40.67409,0.0,2.2677917,3.1346726e-06,40.67409,4.2463098,0.0134537155
GMM_scale_100.00,0.505,0.975,0.0,0.52036786,7.291906e-07,40.210636,0.0,2.4663901,3.4090697e-06,40.210636,4.739705,0.014200078
GMM_scale_100.00,0.505,1.0,0.0,0.5073588,7.109608e-07,39.760654,0.0,2.673136,3.694917e-06,39.760654,5.268729,0.015469176
GMM_scale_100.00,0.505,1.025,0.0,0.4949842,6.936203e-07,39.3238,0.0,2.8874636,3.9914103e-06,39.3238,5.833446,0.017289633
GMM_scale_100.00,0.505,1.05,0.0,0.48319882,6.771055e-07,38.89966,0.0,3.1088037,4.29774e-06,38.89966,6.4337983,0.019650342
GMM_scale_100.00,0.505,1.075,0.0,0.4719616,6.613588e-07,38.487762,0.0,3.3366764,4.61323e-06,38.487762,7.069805,0.022519581
GMM_scale_100.00,0.505,1.0999999,0.0,0.46123523,6.4632803e-07,38.08769,0.0,3.5706348,4.9372443e-06,38.08769,7.7414618,0.025860386
GMM_scale_100.00,0.505,1.125,0.0,0.45098558,6.3196495e-07,37.69898,0.0,3.8102746,5.2692117e-06,37.69898,8.448772,0.029639414
GMM_scale_100.00,0.505,1.15,0.0,0.44118148,6.1822664e-07,37.321156,0.0,4.055226,5.608615e-06,37.321156,9.191741,0.033829387
GMM_scale_100.00,0.505,1.175,0.0,0.43179467,6.050731e-07,36.953815,0.0,4.305147,5.954975e-06,36.953815,9.970357,0.038409516
GMM_scale_100.00,0.505,1.2,0.0,0.42279896,5.924672e-07,36.596523,0.0,4.5597305,6.307855e-06,36.596523,10.784631,0.043363906
GMM_scale_100.00,0.505,1.225,0.0,0.41417035,5.8037585e-07,36.248882,0.0,4.8186874,6.666855e-06,36.248882,11.634554,0.048680723
GMM_scale_100.00,0.505,1.25,0.0,0.40588698,5.6876854e-07,35.9105,0.0,5.0817575,7.031604e-06,35.9105,12.520129,0.054351136
GMM_scale_100.00,0.505,1.275,0.0,0.39792842,5.576161e-07,35.581005,0.0,5.3486996,7.4017644e-06,35.581005,13.441361,0.0603686
GMM_scale_100.00,0.505,1.3,0.0,0.3902759,5.468928e-07,35.260044,0.0,5.6192894,7.777024e-06,35.260044,14.398249,0.06672811
GMM_scale_100.00,0.505,1.3249999,0.0,0.38291225,5.365742e-07,34.947292,0.0,5.8933206,8.157092e-06,34.947292,15.390786,0.07342559
GMM_scale_100.00,0.505,1.3499999,0.0,0.3758213,5.266378e-07,34.642387,0.0,6.170598,8.541703e-06,34.642387,16.418968,0.080458246
GMM_scale_100.00,0.505,1.375,0.0,0.36898816,5.1706246e-07,34.345062,0.0,6.4509554,8.930606e-06,34.345062,17.482824,0.08782378
GMM_scale_100.00,0.505,1.3999999,0.0,0.36239916,5.0782916e-07,34.05503,0.0,6.734213,9.323576e-06,34.05503,18.582308,0.09552018
GMM_scale_100.00,0.505,1.425,0.0,0.35604122,4.9892003e-07,33.771984,0.0,7.020232,9.720392e-06,33.771984,19.71747,0.10354627
GMM_scale_100.00,0.505,1.45,0.0,0.34990257,4.903177e-07,33.49568,0.0,7.3088646,1.0120861e-05,33.49568,20.888285,0.111900695
GMM_scale_100.00,0.505,1.4749999,0.0,0.34397203,4.820071e-07,33.22587,0.0,7.5999713,1.0524795e-05,33.22587,22.094736,0.12058263
GMM_scale_100.00,0.505,1.5,0.0,0.33823916,4.739738e-07,32.962303,0.0,7.893438,1.0932017e-05,32.962303,23.336853,0.12959146
GMM_scale_100.00,0.505,1.5250001,0.0,0.3326942,4.6620383e-07,32.704754,0.0,8.189141,1.1342367e-05,32.704754,24.61462,0.13892621
GMM_scale_100.00,0.505,1.55,0.0,0.3273282,4.586843e-07,32.45302,0.0,8.486977,1.1755687e-05,32.45302,25.928034,0.1485866
GMM_scale_100.00,0.505,1.575,0.0,0.3221325,4.5140354e-07,32.206867,0.0,8.786844,1.2171858e-05,32.206867,27.277113,0.1585726
GMM_scale_100.00,0.505,1.5999999,0.0,0.31709924,4.4435046e-07,31.966103,0.0,9.088641,1.2590717e-05,31.966103,28.66182,0.16888303
GMM_scale_100.00,0.505,1.625,0.0,0.3122208,4.375143e-07,31.730566,0.0,9.392289,1.30121625e-05,31.730566,30.082201,0.1795182
GMM_scale_100.00,0.505,1.65,0.0,0.30749008,4.3088534e-07,31.500057,0.0,9.697696,1.3436065e-05,31.500057,31.538239,0.19047786
GMM_scale_100.00,0.505,1.675,0.0,0.30290073,4.244542e-07,31.274399,0.0,10.004788,1.3862319e-05,31.274399,33.029926,0.2017618
GMM_scale_100.00,0.505,1.6999999,0.0,0.29844633,4.1821218e-07,31.053436,0.0,10.313483,1.4290811e-05,31.053436,34.557247,0.21336967
GMM_scale_100.00,0.505,1.7249999,0.0,0.29412103,4.1215122e-07,30.837011,0.0,10.623722,1.4721462e-05,30.837011,36.12024,0.22530138
GMM_scale_100.00,0.505,1.75,0.0,0.28991932,4.062633e-07,30.624977,0.0,10.935432,1.5154167e-05,30.624977,37.718884,0.23755684
GMM_scale_100.00,0.505,1.775,0.0,0.28583592,4.0054138e-07,30.417187,0.0,11.248555,1.5588845e-05,30.417187,39.353188,0.25013608
GMM_scale_100.00,0.505,1.8,0.0,0.28186598,3.9497826e-07,30.213503,0.0,11.563025,1.60254e-05,30.213503,41.023132,0.26303855
GMM_scale_100.00,0.505,1.8249999,0.0,0.2780048,3.8956756e-07,30.013784,0.0,11.878793,1.646378e-05,30.013784,42.728733,0.27626503
GMM_scale_100.00,0.505,1.85,0.0,0.27424794,3.8430298e-07,29.817924,0.0,12.195808,1.6903885e-05,29.817924,44.47001,0.28981462
GMM_scale_100.00,0.505,1.875,0.0,0.27059132,3.7917917e-07,29.625792,0.0,12.514015,1.7345661e-05,29.625792,46.24692,0.30368784
GMM_scale_100.00,0.505,1.9,0.0,0.2670309,3.7418982e-07,29.437288,0.0,12.833364,1.7789036e-05,29.437288,48.05947,0.3178841
GMM_scale_100.00,0.505,1.925,0.0,0.263563,3.6933022e-07,29.25228,0.0,13.15382,1.8233957e-05,29.25228,49.90769,0.33240357
GMM_scale_100.00,0.505,1.95,0.0,0.26018393,3.645953e-07,29.070673,0.0,13.475335,1.868036e-05,29.070673,51.791573,0.34724677
GMM_scale_100.00,0.505,1.975,0.0,0.25689045,3.5998005e-07,28.892363,0.0,13.797869,1.9128176e-05,28.892363,53.7111,0.3624128
GMM_scale_100.00,0.505,2.0,0.0,0.2536794,3.5548038e-07,28.717255,0.0,14.121378,1.957736e-05,28.717255,55.66624,0.377902
GMM_scale_100.00,0.505,2.0249999,0.0,0.25054756,3.5109176e-07,28.545246,0.0,14.445839,2.002787e-05,28.545246,57.657074,0.3937148
GMM_scale_100.00,0.505,2.05,0.0,0.24749207,3.4681014e-07,28.376251,0.0,14.771209,2.0479643e-05,28.376251,59.683563,0.40985024
GMM_scale_100.00,0.505,2.075,0.0,0.2445102,3.426316e-07,28.21019,0.0,15.097455,2.0932657e-05,28.21019,61.745705,0.4263093
GMM_scale_100.00,0.505,2.1,0.0,0.24159937,3.385527e-07,28.046972,0.0,15.424547,2.1386842e-05,28.046972,63.84349,0.44309124
GMM_scale_100.00,0.505,2.125,0.0,0.23875707,3.3456988e-07,27.886509,0.0,15.752455,2.1842166e-05,27.886509,65.97691,0.4601965
GMM_scale_100.00,0.505,2.1499999,0.0,0.23598082,3.3067943e-07,27.728758,0.0,16.08115,2.2298593e-05,27.728758,68.146,0.47762454
GMM_scale_100.00,0.505,2.175,0.0,0.2332684,3.2687856e-07,27.573618,0.0,16.41061,2.2756089e-05,27.573618,70.35077,0.49537653
GMM_scale_100.00,0.505,2.2,0.0,0.23061758,3.231639e-07,27.421007,0.0,16.740805,2.32146e-05,27.421007,72.59119,0.5134508
GMM_scale_100.00,0.505,2.225,0.0,0.2280264,3.1953292e-07,27.27088,0.0,17.0717,2.36741e-05,27.27088,74.8672,0.5318485
GMM_scale_100.00,0.505,2.25,0.0,0.22549276,3.159826e-07,27.123154,0.0,17.40329,2.4134568e-05,27.123154,77.17893,0.55056924
GMM_scale_100.00,0.505,2.2749999,0.0,0.22301483,3.125102e-07,26.977789,0.0,17.735542,2.4595962e-05,26.977789,79.52629,0.5696126
GMM_scale_100.00,0.505,2.3,0.0,0.22059074,3.0911326e-07,26.834696,0.0,18.068434,2.5058243e-05,26.834696,81.9093,0.58897984
GMM_scale_100.00,0.505,2.325,0.0,0.21821882,3.0578963e-07,26.693832,0.0,18.401947,2.55214e-05,26.693832,84.32796,0.6086695
GMM_scale_100.00,0.505,2.35,0.0,0.21589734,3.0253656e-07,26.555145,0.0,18.736057,2.5985388e-05,26.555145,86.78225,0.6286824
GMM_scale_100.00,0.505,2.375,0.0,0.21362473,2.9935197e-07,26.41856,0.0,19.070757,2.6450196e-05,26.41856,89.27223,0.6490186
GMM_scale_100.00,0.505,2.4,0.0,0.21139948,2.962336e-07,26.284027,0.0,19.406023,2.6915806e-05,26.284027,91.797874,0.6696779
GMM_scale_100.00,0.505,2.425,0.0,0.20922008,2.9317977e-07,26.151524,0.0,19.741821,2.7382142e-05,26.151524,94.359116,0.69065976
GMM_scale_100.00,0.505,2.4499998,0.0,0.20708519,2.9018804e-07,26.020966,0.0,20.078163,2.7849253e-05,26.020966,96.956055,0.7119656
GMM_scale_100.00,0.505,2.475,0.0,0.20499344,2.8725677e-07,25.892317,0.0,20.415016,2.8317047e-05,25.892317,99.58863,0.7335934
GMM_scale_100.00,0.505,2.5,0.0,0.20294349,2.8438436e-07,25.765532,0.0,20.752367,2.8785586e-05,25.765532,102.256874,0.75554454
GMM_scale_100.00,0.505,2.5249999,0.0,0.20093416,2.8156862e-07,25.640574,0.0,21.090202,2.9254763e-05,25.640574,104.96076,0.777819
GMM_scale_100.00,0.505,2.55,0.0,0.1989642,2.788081e-07,25.51739,0.0,21.42851,2.9724622e-05,25.51739,107.70034,0.8004171
GMM_scale_100.00,0.505,2.575,0.0,0.19703251,2.7610122e-07,25.395945,0.0,21.76727,3.01951e-05,25.395945,110.47552,0.8233379
GMM_scale_100.00,0.505,2.6,0.0,0.19513796,2.734465e-07,25.27618,0.0,22.106476,3.0666204e-05,25.27618,113.28639,0.846581
GMM_scale_100.00,0.505,2.625,0.0,0.19327952,2.7084215e-07,25.158081,0.0,22.44611,3.1137886e-05,25.158081,116.1329,0.87014806
GMM_scale_100.00,0.505,2.6499999,0.0,0.19145615,2.682871e-07,25.041595,0.0,22.786161,3.1610176e-05,25.041595,119.01504,0.89403725
GMM_scale_100.00,0.505,2.675,0.0,0.1896668,2.6577976e-07,24.9267,0.0,23.12662,3.2083033e-05,24.9267,121.932884,0.91825014
GMM_scale_100.00,0.505,2.6999998,0.0,0.18791065,2.633189e-07,24.813337,0.0,23.467468,3.2556425e-05,24.813337,124.886314,0.9427862
GMM_scale_100.00,0.505,2.725,0.0,0.18618669,2.6090297e-07,24.701485,0.0,23.808708,3.303037e-05,24.701485,127.87546,0.9676453
GMM_scale_100.00,0.505,2.75,0.0,0.18449408,2.585312e-07,24.591116,0.0,24.150322,3.350484e-05,24.591116,130.90025,0.9928276
GMM_scale_100.00,0.505,2.775,0.0,0.18283197,2.5620204e-07,24.482187,0.0,24.492294,3.397979e-05,24.482187,133.96068,1.0183321
GMM_scale_100.00,0.505,2.8,0.0,0.18119955,2.5391458e-07,24.374672,0.0,24.834621,3.4455268e-05,24.374672,137.05675,1.0441604
GMM_scale_100.00,0.505,2.825,0.0,0.17959602,2.5166753e-07,24.268541,0.0,25.177294,3.4931207e-05,24.268541,140.18848,1.0703114
GMM_scale_100.00,0.505,2.85,0.0,0.17802061,2.4945993e-07,24.163767,0.0,25.520302,3.540761e-05,24.163767,143.35588,1.0967861
GMM_scale_100.00,0.505,2.875,0.0,0.17647259,2.472907e-07,24.060303,0.0,25.863638,3.5884485e-05,24.060303,146.55896,1.1235827
GMM_scale_100.00,0.505,2.8999999,0.0,0.17495129,2.4515893e-07,23.958141,0.0,26.207283,3.636178e-05,23.958141,149.7976,1.1507026
GMM_scale_100.00,0.505,2.925,0.0,0.17345597,2.430635e-07,23.857248,0.0,26.551247,3.6839534e-05,23.857248,153.07198,1.1781471
GMM_scale_100.00,0.505,2.9499998,0.0,0.17198601,2.4100365e-07,23.757607,0.0,26.895508,3.731771e-05,23.757607,156.38194,1.205913
GMM_scale_100.00,0.505,2.9750001,0.0,0.17054075,2.3897843e-07,23.659185,0.0,27.240068,3.7796275e-05,23.659185,159.72762,1.2340024
GMM_scale_100.00,0.505,3.0,0.0,0.16911958,2.3698689e-07,23.561945,0.0,27.584911,3.8275262e-05,23.561945,163.10892,1.2624147
GMM_scale_10.00,0.55,0.5,0.0,1.0987958,1.5576594e-06,54.260437,0.0,1.305053,1.842189e-06,54.260437,1.1877121,0.022035353
GMM_scale_10.00,0.55,0.525,0.0,1.0464721,1.4834852e-06,63.12492,0.0,1.0681621,1.5126932e-06,63.12492,1.0207268,0.019322308
GMM_scale_10.00,0.55,0.55,0.0,0.9989052,1.4160539e-06,70.32081,0.0,0.87462276,1.243894e-06,70.32081,0.8755814,0.016891034
GMM_scale_10.00,0.55,0.575,0.0,0.95547444,1.3544864e-06,75.645676,0.0,0.71878123,1.0278402e-06,75.645676,0.7522768,0.0147458045
GMM_scale_10.00,0.55,0.59999996,0.0,0.9156631,1.2980496e-06,79.26378,0.0,0.5959246,8.57819e-07,79.26378,0.6508121,0.0128902625
GMM_scale_10.00,0.55,0.625,0.0,0.8790366,1.2461278e-06,81.51301,0.0,0.50209427,7.280647e-07,81.51301,0.57118696,0.011325864
GMM_scale_10.00,0.55,0.65,0.0,0.84522754,1.1981994e-06,82.75272,0.0,0.4339419,6.3356583e-07,82.75272,0.51340246,0.010049522
GMM_scale_10.00,0.55,0.675,0.0,0.81392264,1.1538217e-06,83.287506,0.0,0.38861388,5.6996777e-07,83.287506,0.477458,0.009050581
GMM_scale_10.00,0.55,0.7,0.0,0.7848541,1.1126141e-06,83.34742,0.0,0.3636651,5.335975e-07,83.34742,0.46335375,0.008308629
GMM_scale_10.00,0.55,0.725,0.0,0.7577901,1.0742481e-06,83.09514,0.0,0.35698703,5.2151296e-07,83.09514,0.4710896,0.007794094
GMM_scale_10.00,0.55,0.75,0.0,0.7325305,1.0384397e-06,82.64142,0.0,0.36675274,5.314595e-07,82.64142,0.5006655,0.007473124
GMM_scale_10.00,0.55,0.775,0.0,0.70890045,1.0049415e-06,82.06015,0.0,0.39137086,5.616833e-07,82.06015,0.5520815,0.007315687
GMM_scale_10.00,0.55,0.79999995,0.0,0.6867474,9.735373e-07,81.39992,0.0,0.429449,6.106893e-07,81.39992,0.62533766,0.007303882
GMM_scale_10.00,0.55,0.825,0.0,0.6659368,9.440363e-07,80.69271,0.0,0.4797636,6.770732e-07,80.69271,0.72043407,0.007437066
GMM_scale_10.00,0.55,0.85,0.0,0.64635044,9.162703e-07,79.95957,0.0,0.5412349,7.5946934e-07,79.95957,0.8373707,0.0077321082
GMM_scale_10.00,0.55,0.875,0.0,0.6278834,8.9009126e-07,79.214294,0.0,0.61290663,8.565651e-07,79.214294,0.97614723,0.008218662
GMM_scale_10.00,0.55,0.9,0.0,0.6104421,8.6536636e-07,78.466034,0.0,0.69392824,9.671326e-07,78.466034,1.1367635,0.008930953
GMM_scale_10.00,0.55,0.92499995,0.0,0.5939437,8.4197814e-07,77.72082,0.0,0.7835424,1.0900503e-06,77.72082,1.31922,0.009899415
GMM_scale_10.00,0.55,0.9499999,0.0,0.5783136,8.1982074e-07,76.98274,0.0,0.88107073,1.2243039e-06,76.98274,1.5235173,0.011145328
GMM_scale_10.00,0.55,0.975,0.0,0.56348497,7.988e-07,76.254425,0.0,0.98590463,1.3689839e-06,76.254425,1.7496556,0.012679907
GMM_scale_10.00,0.55,1.0,0.0,0.5493979,7.7882976e-07,75.537636,0.0,1.097495,1.523276e-06,75.537636,1.9976323,0.014506541
GMM_scale_10.00,0.55,1.025,0.0,0.535998,7.598339e-07,74.8335,0.0,1.2153479,1.6864493e-06,74.8335,2.2674487,0.016623719
GMM_scale_10.00,0.55,1.05,0.0,0.52323604,7.417426e-07,74.142685,0.0,1.3390168,1.857851e-06,74.142685,2.5591066,0.01902772
GMM_scale_10.00,0.55,1.075,0.0,0.51106775,7.244928e-07,73.46563,0.0,1.4680959,2.036893e-06,73.46563,2.8726053,0.021714127
GMM_scale_10.00,0.55,1.0999999,0.0,0.49945265,7.0802724e-07,72.802475,0.0,1.6022149,2.223036e-06,72.802475,3.2079415,0.02467865
GMM_scale_10.00,0.55,1.125,0.0,0.4883537,6.9229316e-07,72.15325,0.0,1.741039,2.4158e-06,72.15325,3.565119,0.027917549
GMM_scale_10.00,0.55,1.15,0.0,0.47773722,6.7724324e-07,71.517876,0.0,1.884262,2.6147466e-06,71.517876,3.944139,0.031427685
GMM_scale_10.00,0.55,1.175,0.0,0.46757275,6.6283394e-07,70.896225,0.0,2.0316007,2.8194736e-06,70.896225,4.344994,0.035206445
GMM_scale_10.00,0.55,1.2,0.0,0.45783153,6.4902474e-07,70.28804,0.0,2.1828015,3.0296173e-06,70.28804,4.767696,0.039251838
GMM_scale_10.00,0.55,1.225,0.0,0.44848803,6.3577943e-07,69.693085,0.0,2.3376243,3.2448409e-06,69.693085,5.2122335,0.043562043
GMM_scale_10.00,0.55,1.25,0.0,0.4395182,6.2306395e-07,69.11109,0.0,2.4958534,3.4648353e-06,69.11109,5.678612,0.048135784
GMM_scale_10.00,0.55,1.275,0.0,0.4309003,6.108468e-07,68.54176,0.0,2.6572883,3.6893193e-06,68.54176,6.1668286,0.05297203
GMM_scale_10.00,0.55,1.3,0.0,0.42261377,5.990998e-07,67.984764,0.0,2.8217454,3.918032e-06,67.984764,6.6768894,0.058069773
GMM_scale_10.00,0.55,1.3249999,0.0,0.41463992,5.877962e-07,67.4398,0.0,2.9890504,4.1507305e-06,67.4398,7.208786,0.06342834
GMM_scale_10.00,0.55,1.3499999,0.0,0.40696147,5.7691096e-07,66.906525,0.0,3.1590466,4.387196e-06,66.906525,7.7625203,0.06904716
GMM_scale_10.00,0.55,1.375,0.0,0.3995621,5.6642176e-07,66.38464,0.0,3.3315902,4.6272203e-06,66.38464,8.338104,0.07492594
GMM_scale_10.00,0.55,1.3999999,0.0,0.3924271,5.5630704e-07,65.87384,0.0,3.5065389,4.8706074e-06,65.87384,8.935517,0.0810639
GMM_scale_10.00,0.55,1.425,0.0,0.3855424,5.465471e-07,65.37379,0.0,3.6837723,5.117188e-06,65.37379,9.554779,0.087460965
GMM_scale_10.00,0.55,1.45,0.0,0.37889504,5.3712387e-07,64.884186,0.0,3.8631706,5.366795e-06,64.884186,10.195886,0.09411694
GMM_scale_10.00,0.55,1.4749999,0.0,0.37247315,5.2802017e-07,64.40472,0.0,4.044619,5.619269e-06,64.40472,10.858821,0.10103137
GMM_scale_10.00,0.55,1.5,0.0,0.3662652,5.1921984e-07,63.935097,0.0,4.2280216,5.874466e-06,63.935097,11.543607,0.108204186
GMM_scale_10.00,0.55,1.5250001,0.0,0.3602609,5.10708e-07,63.475056,0.0,4.413277,6.132257e-06,63.475056,12.250225,0.11563517
GMM_scale_10.00,0.55,1.55,0.0,0.35445023,5.024708e-07,63.02429,0.0,4.6002975,6.3925086e-06,63.02429,12.978683,0.12332425
GMM_scale_10.00,0.55,1.575,0.0,0.34882402,4.9449505e-07,62.582527,0.0,4.7890005,6.655116e-06,62.582527,13.728987,0.13127135
GMM_scale_10.00,0.55,1.5999999,0.0,0.3433737,4.8676867e-07,62.149517,0.0,4.979304,6.9199514e-06,62.149517,14.501122,0.13947602
GMM_scale_10.00,0.55,1.625,0.0,0.338091,4.7927983e-07,61.725002,0.0,5.171136,7.18693e-06,61.725002,15.295101,0.14793876
GMM_scale_10.00,0.55,1.65,0.0,0.3329684,4.7201812e-07,61.30873,0.0,5.3644285,7.455939e-06,61.30873,16.110924,0.15665889
GMM_scale_10.00,0.55,1.675,0.0,0.32799873,4.6497289e-07,60.900444,0.0,5.559116,7.726899e-06,60.900444,16.94859,0.16563678
GMM_scale_10.00,0.55,1.6999999,0.0,0.32317525,4.5813516e-07,60.499973,0.0,5.755131,7.999712e-06,60.499973,17.80808,0.17487207
GMM_scale_10.00,0.55,1.7249999,0.0,0.31849152,4.5149542e-07,60.10701,0.0,5.952423,8.274313e-06,60.10701,18.689425,0.18436517
GMM_scale_10.00,0.55,1.75,0.0,0.3139417,4.4504563e-07,59.721386,0.0,6.150935,8.550613e-06,59.721386,19.592604,0.19411561
GMM_scale_10.00,0.55,1.775,0.0,0.30951992,4.3877733e-07,59.34288,0.0,6.3506155,8.8285415e-06,59.34288,20.517632,0.20412333
GMM_scale_10.00,0.55,1.8,0.0,0.30522108,4.3268318e-07,58.971317,0.0,6.551411,9.10803e-06,58.971317,21.464478,0.21438852
GMM_scale_10.00,0.55,1.8249999,0.0,0.30103996,4.267561e-07,58.606434,0.0,6.7532854,9.389024e-06,58.606434,22.433186,0.22491105
GMM_scale_10.00,0.55,1.85,0.0,0.2969718,4.2098907e-07,58.24813,0.0,6.95619,9.67145e-06,58.24813,23.42374,0.2356911
GMM_scale_10.00,0.55,1.875,0.0,0.29301217,4.1537592e-07,57.89615,0.0,7.160081,9.955259e-06,57.89615,24.436121,0.24672836
GMM_scale_10.00,0.55,1.9,0.0,0.2891568,4.0991037e-07,57.550377,0.0,7.3649206,1.0240389e-05,57.550377,25.470335,0.2580228
GMM_scale_10.00,0.55,1.925,0.0,0.28540152,4.0458679e-07,57.210564,0.0,7.570674,1.0526793e-05,57.210564,26.526396,0.26957425
GMM_scale_10.00,0.55,1.95,0.0,0.28174248,3.9939994e-07,56.87663,0.0,7.777308,1.0814429e-05,56.87663,27.604315,0.28138354
GMM_scale_10.00,0.55,1.975,0.0,0.27817613,3.9434414e-07,56.548374,0.0,7.984782,1.1103234e-05,56.548374,28.704052,0.29344958
GMM_scale_10.00,0.55,2.0,0.0,0.27469894,3.8941485e-07,56.22565,0.0,8.193068,1.1393179e-05,56.22565,29.825624,0.30577278
GMM_scale_10.00,0.55,2.0249999,0.0,0.27130762,3.846073e-07,55.9083,0.0,8.402137,1.1684216e-05,55.9083,30.969042,0.31835344
GMM_scale_10.00,0.55,2.05,0.0,0.26799896,3.7991697e-07,55.596195,0.0,8.611962,1.1976306e-05,55.596195,32.13431,0.33119175
GMM_scale_10.00,0.55,2.075,0.0,0.26477003,3.7533968e-07,55.289204,0.0,8.822514,1.2269404e-05,55.289204,33.32142,0.3442867
GMM_scale_10.00,0.55,2.1,0.0,0.26161802,3.708713e-07,54.98718,0.0,9.033766,1.2563487e-05,54.98718,34.530365,0.35763872
GMM_scale_10.00,0.55,2.125,0.0,0.25854018,3.6650815e-07,54.68999,0.0,9.245691,1.2858506e-05,54.68999,35.76114,0.3712479
GMM_scale_10.00,0.55,2.1499999,0.0,0.2555339,3.622466e-07,54.397522,0.0,9.458269,1.315444e-05,54.397522,37.013756,0.3851143
GMM_scale_10.00,0.55,2.175,0.0,0.25259677,3.5808262e-07,54.109646,0.0,9.67148,1.3451249e-05,54.109646,38.28822,0.399238
GMM_scale_10.00,0.55,2.2,0.0,0.2497263,3.5401348e-07,53.82626,0.0,9.885302,1.3748913e-05,53.82626,39.584545,0.41361883
GMM_scale_10.00,0.55,2.225,0.0,0.2469204,3.5003586e-07,53.547226,0.0,10.099701,1.4047391e-05,53.547226,40.902657,0.42825666
GMM_scale_10.00,0.55,2.25,0.0,0.24417682,3.4614663e-07,53.272457,0.0,10.314678,1.4346661e-05,53.272457,42.24266,0.4431518
GMM_scale_10.00,0.55,2.2749999,0.0,0.24149357,3.423428e-07,53.001846,0.0,10.530203,1.464671e-05,53.001846,43.604485,0.458304
GMM_scale_10.00,0.55,2.3,0.0,0.23886861,3.386216e-07,52.735306,0.0,10.746257,1.4947482e-05,52.735306,44.98815,0.47371304
GMM_scale_10.00,0.55,2.325,0.0,0.23630019,3.349806e-07,52.472675,0.0,10.962826,1.52489865e-05,52.472675,46.39364,0.48937964
GMM_scale_10.00,0.55,2.35,0.0,0.23378634,3.3141694e-07,52.213924,0.0,11.179892,1.5551177e-05,52.213924,47.820976,0.5053032
GMM_scale_10.00,0.55,2.375,0.0,0.23132542,3.2792838e-07,51.958935,0.0,11.397446,1.5854044e-05,51.958935,49.270184,0.52148384
GMM_scale_10.00,0.55,2.4,0.0,0.22891578,3.2451237e-07,51.70765,0.0,11.615464,1.6157577e-05,51.70765,50.74121,0.53792197
GMM_scale_10.00,0.55,2.425,0.0,0.22655582,3.2116694e-07,51.45993,0.0,11.833929,1.6461718e-05,51.45993,52.234055,0.5546164
GMM_scale_10.00,0.55,2.4499998,0.0,0.22424407,3.1788974e-07,51.215733,0.0,12.052839,1.6766482e-05,51.215733,53.748753,0.57156825
GMM_scale_10.00,0.55,2.475,0.0,0.22197898,3.1467874e-07,50.974953,0.0,12.272174,1.707183e-05,50.974953,55.285297,0.5887772
GMM_scale_10.00,0.55,2.5,0.0,0.21975915,3.1153195e-07,50.73751,0.0,12.491921,1.7377773e-05,50.73751,56.843693,0.60624325
GMM_scale_10.00,0.55,2.5249999,0.0,0.21758333,3.084474e-07,50.503357,0.0,12.712069,1.7684268e-05,50.503357,58.42391,0.62396693
GMM_scale_10.00,0.55,2.55,0.0,0.21545012,3.0542344e-07,50.272392,0.0,12.932608,1.7991306e-05,50.272392,60.025993,0.64194757
GMM_scale_10.00,0.55,2.575,0.0,0.2133584,3.0245823e-07,50.044548,0.0,13.15352,1.8298862e-05,50.044548,61.64988,0.6601845
GMM_scale_10.00,0.55,2.6,0.0,0.21130688,2.9954984e-07,49.819763,0.0,13.374802,1.8606941e-05,49.819763,63.295628,0.67867917
GMM_scale_10.00,0.55,2.625,0.0,0.20929445,2.966971e-07,49.597958,0.0,13.596438,1.891551e-05,49.597958,64.9632,0.6974304
GMM_scale_10.00,0.55,2.6499999,0.0,0.20731997,2.9389798e-07,49.379093,0.0,13.818419,1.9224555e-05,49.379093,66.65262,0.71643895
GMM_scale_10.00,0.55,2.675,0.0,0.20538239,2.9115128e-07,49.16307,0.0,14.040741,1.9534082e-05,49.16307,68.3639,0.73570514
GMM_scale_10.00,0.55,2.6999998,0.0,0.20348069,2.8845548e-07,48.949883,0.0,14.263386,1.984406e-05,48.949883,70.097,0.75522757
GMM_scale_10.00,0.55,2.725,0.0,0.20161389,2.858091e-07,48.739388,0.0,14.486354,2.0154486e-05,48.739388,71.85197,0.7750083
GMM_scale_10.00,0.55,2.75,0.0,0.19978105,2.8321088e-07,48.531586,0.0,14.709628,2.0465346e-05,48.531586,73.628746,0.7950458
GMM_scale_10.00,0.55,2.775,0.0,0.19798122,2.8065938e-07,48.326412,0.0,14.933202,2.0776622e-05,48.326412,75.42736,0.8153392
GMM_scale_10.00,0.55,2.8,0.0,0.19621353,2.7815352e-07,48.123802,0.0,15.15707,2.1088303e-05,48.123802,77.24783,0.8358906
GMM_scale_10.00,0.55,2.825,0.0,0.19447713,2.7569195e-07,47.923733,0.0,15.381225,2.1400372e-05,47.923733,79.09015,0.8566982
GMM_scale_10.00,0.55,2.85,0.0,0.19277118,2.7327354e-07,47.726078,0.0,15.605653,2.1712844e-05,47.726078,80.954285,0.87776357
GMM_scale_10.00,0.55,2.875,0.0,0.19109492,2.7089732e-07,47.530876,0.0,15.830357,2.2025695e-05,47.530876,82.84028,0.8990865
GMM_scale_10.00,0.55,2.8999999,0.0,0.18944757,2.68562e-07,47.338036,0.0,16.055319,2.2338902e-05,47.338036,84.748085,0.9206656
GMM_scale_10.00,0.55,2.925,0.0,0.18782832,2.662666e-07,47.147495,0.0,16.28054,2.2652475e-05,47.147495,86.67777,0.9425025
GMM_scale_10.00,0.55,2.9499998,0.0,0.18623658,2.6401014e-07,46.959225,0.0,16.50601,2.2966402e-05,46.959225,88.629265,0.9645956
GMM_scale_10.00,0.55,2.9750001,0.0,0.18467155,2.6179154e-07,46.773205,0.0,16.731728,2.3280663e-05,46.773205,90.60262,0.98694694
GMM_scale_10.00,0.55,3.0,0.0,0.18313262,2.5960992e-07,46.58934,0.0,16.957682,2.3595248e-05,46.58934,92.597824,1.0095541
GMM_scale_2.00,0.75,0.5,0.0,1.484108,2.138094e-06,55.08589,0.0,0.7931079,1.1063051e-06,55.08589,0.5344004,0.008780742
GMM_scale_2.00,0.75,0.525,0.0,1.413436,2.0362797e-06,65.584305,0.0,0.64032114,8.9306144e-07,65.584305,0.45302448,0.007508489
GMM_scale_2.00,0.75,0.55,0.0,1.3491889,1.9437216e-06,74.77094,0.0,0.5109411,7.1256727e-07,74.77094,0.3787024,0.0063407323
GMM_scale_2.00,0.75,0.575,0.0,1.2905287,1.8592116e-06,82.21501,0.0,0.40191528,5.6055217e-07,82.21501,0.3114346,0.0052774996
GMM_scale_2.00,0.75,0.59999996,0.0,1.2367566,1.7817446e-06,87.88287,0.0,0.310699,4.3345568e-07,87.88287,0.25122082,0.0043188143
GMM_scale_2.00,0.75,0.625,0.0,1.1872863,1.7104745e-06,91.992676,0.0,0.23515464,3.2828623e-07,91.992676,0.19806062,0.0034647158
GMM_scale_2.00,0.75,0.65,0.0,1.1416215,1.644687e-06,94.85784,0.0,0.17347468,2.4251068e-07,94.85784,0.15195465,0.0027152742
GMM_scale_2.00,0.75,0.675,0.0,1.099339,1.5837728e-06,96.7846,0.0,0.12411818,1.7396223e-07,96.7846,0.11290255,0.0020705913
GMM_scale_2.00,0.75,0.7,0.0,1.0600771,1.5272096e-06,98.02721,0.0,0.08576507,1.2076649e-07,98.02721,0.080904566,0.0015308368
GMM_scale_2.00,0.75,0.725,0.0,1.0235226,1.4745476e-06,98.779526,0.0,0.057276808,8.1264865e-08,98.779526,0.055960473,0.0010962597
GMM_scale_2.00,0.75,0.75,0.0,0.9894052,1.4253955e-06,99.182236,0.0,0.03766708,5.3936375e-08,99.182236,0.03807043,0.00076715875
GMM_scale_2.00,0.75,0.775,0.0,0.9574891,1.379415e-06,99.334946,0.0,0.026076578,3.737868e-08,99.334946,0.027234334,0.00054346514
GMM_scale_2.00,0.75,0.79999995,0.0,0.9275675,1.3363086e-06,99.30743,0.0,0.021753501,3.0633917e-08,99.30743,0.023452204,0.0004235105
GMM_scale_2.00,0.75,0.825,0.0,0.8994595,1.2958146e-06,99.14849,0.0,0.024037216,3.3535947e-08,99.14849,0.026724067,0.00040388101
GMM_scale_2.00,0.75,0.85,0.0,0.8730046,1.2577021e-06,98.89251,0.0,0.032344762,4.5600377e-08,98.89251,0.037049934,0.00048440672
GMM_scale_2.00,0.75,0.875,0.0,0.84806156,1.2217673e-06,98.56396,0.0,0.046159826,6.5688255e-08,98.56396,0.054429807,0.00066890055
GMM_scale_2.00,0.75,0.9,0.0,0.82450444,1.18783e-06,98.18052,0.0,0.06502332,9.2865044e-08,98.18052,0.07886352,0.0009593643
GMM_scale_2.00,0.75,0.92499995,0.0,0.80222046,1.1557265e-06,97.75526,0.0,0.08852607,1.2647966e-07,97.75526,0.1103513,0.0013556894
GMM_scale_2.00,0.75,0.9499999,0.0,0.7811095,1.1253126e-06,97.297935,0.0,0.11630179,1.6601491e-07,97.297935,0.14889306,0.0018573676
GMM_scale_2.00,0.75,0.975,0.0,0.76108086,1.0964585e-06,96.81596,0.0,0.14802194,2.1102207e-07,96.81596,0.1944891,0.002464031
GMM_scale_2.00,0.75,1.0,0.0,0.742054,1.0690468e-06,96.315094,0.0,0.18339024,2.6109797e-07,96.315094,0.24713868,0.0031754528
GMM_scale_2.00,0.75,1.025,0.0,0.7239552,1.0429726e-06,95.79993,0.0,0.22214003,3.1587814e-07,95.79993,0.30684224,0.0039915163
GMM_scale_2.00,0.75,1.05,0.0,0.706718,1.0181401e-06,95.2741,0.0,0.2640298,3.7503133e-07,95.2741,0.37359992,0.0049121515
GMM_scale_2.00,0.75,1.075,0.0,0.6902827,9.944625e-07,94.740524,0.0,0.30884075,4.382564e-07,94.740524,0.44741198,0.0059373174
GMM_scale_2.00,0.75,1.0999999,0.0,0.6745946,9.718608e-07,94.20166,0.0,0.35637298,5.052766e-07,94.20166,0.5282773,0.0070669726
GMM_scale_2.00,0.75,1.125,0.0,0.6596036,9.502638e-07,93.659424,0.0,0.4064457,5.758418e-07,93.659424,0.61619693,0.008301118
GMM_scale_2.00,0.75,1.15,0.0,0.6452643,9.2960573e-07,93.11549,0.0,0.45889324,6.497217e-07,93.11549,0.711171,0.009639743
GMM_scale_2.00,0.75,1.175,0.0,0.63153523,9.098271e-07,92.57123,0.0,0.51356333,7.267053e-07,92.57123,0.8131982,0.011082816
GMM_scale_2.00,0.75,1.2,0.0,0.6183783,8.908725e-07,92.027756,0.0,0.5703183,8.0660055e-07,92.027756,0.9222806,0.012630377
GMM_scale_2.00,0.75,1.225,0.0,0.6057583,8.7269126e-07,91.48604,0.0,0.6290292,8.892282e-07,91.48604,1.0384161,0.014282383
GMM_scale_2.00,0.75,1.25,0.0,0.5936432,8.552375e-07,90.94688,0.0,0.6895791,9.744249e-07,90.94688,1.1616054,0.016038824
GMM_scale_2.00,0.75,1.275,0.0,0.5820031,8.38468e-07,90.41093,0.0,0.7518604,1.0620408e-06,90.41093,1.2918494,0.017899742
GMM_scale_2.00,0.75,1.3,0.0,0.5708107,8.2234374e-07,89.87873,0.0,0.81577253,1.1519365e-06,89.87873,1.4291472,0.01986511
GMM_scale_2.00,0.75,1.3249999,0.0,0.5600407,8.068278e-07,89.3508,0.0,0.8812231,1.2439823e-06,89.3508,1.5734982,0.021934917
GMM_scale_2.00,0.75,1.3499999,0.0,0.5496696,7.9188663e-07,88.82746,0.0,0.9481267,1.3380583e-06,88.82746,1.7249027,0.024109162
GMM_scale_2.00,0.75,1.375,0.0,0.53967565,7.7748837e-07,88.30903,0.0,1.0164055,1.4340571e-06,88.30903,1.8833636,0.026387898
GMM_scale_2.00,0.75,1.3999999,0.0,0.5300386,7.6360504e-07,87.79579,0.0,1.085983,1.531871e-06,87.79579,2.0488753,0.028771026
GMM_scale_2.00,0.75,1.425,0.0,0.5207397,7.502084e-07,87.28793,0.0,1.1567937,1.6314095e-06,87.28793,2.2214434,0.031258646
GMM_scale_2.00,0.75,1.45,0.0,0.5117613,7.3727375e-07,86.78563,0.0,1.2287732,1.7325809e-06,86.78563,2.401067,0.033850722
GMM_scale_2.00,0.75,1.4749999,0.0,0.50308746,7.2477746e-07,86.28901,0.0,1.30186,1.8353013e-06,86.28901,2.587741,0.0365472
GMM_scale_2.00,0.75,1.5,0.0,0.4947026,7.1269784e-07,85.798134,0.0,1.3760014,1.939496e-06,85.798134,2.7814717,0.039348166
GMM_scale_2.00,0.75,1.5250001,0.0,0.48659274,7.010144e-07,85.3131,0.0,1.4511435,2.0450902e-06,85.3131,2.9822547,0.042253565
GMM_scale_2.00,0.75,1.55,0.0,0.47874442,6.8970746e-07,84.83397,0.0,1.5272387,2.1520175e-06,84.83397,3.190092,0.04526342
GMM_scale_2.00,0.75,1.575,0.0,0.47114536,6.787597e-07,84.36074,0.0,1.6042423,2.2602133e-06,84.36074,3.4049838,0.048377708
GMM_scale_2.00,0.75,1.5999999,0.0,0.46378374,6.6815426e-07,83.89341,0.0,1.6821105,2.369619e-06,83.89341,3.6269286,0.051596444
GMM_scale_2.00,0.75,1.625,0.0,0.4566486,6.578749e-07,83.43199,0.0,1.7608038,2.4801786e-06,83.43199,3.8559275,0.054919604
GMM_scale_2.00,0.75,1.65,0.0,0.44972968,6.479073e-07,82.976425,0.0,1.840285,2.5918396e-06,82.976425,4.09198,0.058347244
GMM_scale_2.00,0.75,1.675,0.0,0.44301724,6.382369e-07,82.52676,0.0,1.9205192,2.704555e-06,82.52676,4.335089,0.061879337
GMM_scale_2.00,0.75,1.6999999,0.0,0.43650234,6.2885124e-07,82.08287,0.0,2.001471,2.8182726e-06,82.08287,4.585247,0.06551584
GMM_scale_2.00,0.75,1.7249999,0.0,0.43017623,6.197374e-07,81.644714,0.0,2.0831127,2.9329544e-06,81.644714,4.8424635,0.069256805
GMM_scale_2.00,0.75,1.75,0.0,0.4240309,6.1088394e-07,81.2123,0.0,2.1654122,3.0485585e-06,81.2123,5.106732,0.073102236
GMM_scale_2.00,0.75,1.775,0.0,0.4180586,6.022799e-07,80.7855,0.0,2.2483428,3.1650432e-06,80.7855,5.3780565,0.07705213
GMM_scale_2.00,0.75,1.8,0.0,0.41225222,5.939151e-07,80.364296,0.0,2.3318763,3.2823727e-06,80.364296,5.656431,0.08110642
GMM_scale_2.00,0.75,1.8249999,0.0,0.4066049,5.8577905e-07,79.94858,0.0,2.415991,3.4005127e-06,79.94858,5.9418645,0.08526514
GMM_scale_2.00,0.75,1.85,0.0,0.40111014,5.7786315e-07,79.53828,0.0,2.5006623,3.5194325e-06,79.53828,6.234353,0.089528464
GMM_scale_2.00,0.75,1.875,0.0,0.3957621,5.7015825e-07,79.133316,0.0,2.5858662,3.639097e-06,79.133316,6.5338907,0.09389609
GMM_scale_2.00,0.75,1.9,0.0,0.39055476,5.626562e-07,78.73369,0.0,2.6715822,3.759478e-06,78.73369,6.840481,0.09836816
GMM_scale_2.00,0.75,1.925,0.0,0.38548255,5.553492e-07,78.33925,0.0,2.7577922,3.8805483e-06,78.33925,7.15413,0.102944724
GMM_scale_2.00,0.75,1.95,0.0,0.38054043,5.482291e-07,77.94993,0.0,2.8444762,4.002284e-06,77.94993,7.474833,0.107625775
GMM_scale_2.00,0.75,1.975,0.0,0.37572354,5.4128947e-07,77.56565,0.0,2.9316154,4.124653e-06,77.56565,7.802586,0.11241119
GMM_scale_2.00,0.75,2.0,0.0,0.371027,5.345235e-07,77.1863,0.0,3.019193,4.2476395e-06,77.1863,8.137394,0.11730102
GMM_scale_2.00,0.75,2.0249999,0.0,0.36644644,5.279243e-07,76.811874,0.0,3.107193,4.371215e-06,76.811874,8.479256,0.122295335
GMM_scale_2.00,0.75,2.05,0.0,0.36197752,5.2148624e-07,76.44222,0.0,3.1956015,4.49536e-06,76.44222,8.8281765,0.12739423
GMM_scale_2.00,0.75,2.075,0.0,0.35761634,5.1520317e-07,76.07728,0.0,3.2844014,4.620054e-06,76.07728,9.184148,0.13259737
GMM_scale_2.00,0.75,2.1,0.0,0.353359,5.0906993e-07,75.717,0.0,3.373579,4.745276e-06,75.717,9.547172,0.1379051
GMM_scale_2.00,0.75,2.125,0.0,0.3492019,5.03081e-07,75.36128,0.0,3.4631217,4.871009e-06,75.36128,9.917248,0.14331713
GMM_scale_2.00,0.75,2.1499999,0.0,0.3451414,4.9723116e-07,75.01001,0.0,3.5530162,4.9972336e-06,75.01001,10.294378,0.14883374
GMM_scale_2.00,0.75,2.175,0.0,0.3411742,4.915158e-07,74.66318,0.0,3.6432526,5.123936e-06,74.66318,10.678571,0.15445481
GMM_scale_2.00,0.75,2.2,0.0,0.33729723,4.859304e-07,74.32063,0.0,3.7338178,5.251097e-06,74.32063,11.069815,0.16018029
GMM_scale_2.00,0.75,2.225,0.0,0.33350742,4.804707e-07,73.98238,0.0,3.8246977,5.3787026e-06,73.98238,11.468104,0.16601013
GMM_scale_2.00,0.75,2.25,0.0,0.3298018,4.75132e-07,73.64828,0.0,3.915887,5.5067385e-06,73.64828,11.873456,0.17194463
GMM_scale_2.00,0.75,2.2749999,0.0,0.32617757,4.699107e-07,73.318306,0.0,4.007372,5.635188e-06,73.318306,12.28586,0.17798339
GMM_scale_2.00,0.75,2.3,0.0,0.32263216,4.648029e-07,72.99231,0.0,4.0991435,5.764036e-06,72.99231,12.705316,0.18412653
GMM_scale_2.00,0.75,2.325,0.0,0.319163,4.59805e-07,72.670296,0.0,4.1911926,5.8932746e-06,72.670296,13.131825,0.19037427
GMM_scale_2.00,0.75,2.35,0.0,0.31576762,4.5491362e-07,72.3522,0.0,4.283511,6.022891e-06,72.3522,13.565391,0.19672632
GMM_scale_2.00,0.75,2.375,0.0,0.31244376,4.5012501e-07,72.03787,0.0,4.3760905,6.1528717e-06,72.03787,14.00601,0.20318311
GMM_scale_2.00,0.75,2.4,0.0,0.30918908,4.4543626e-07,71.72731,0.0,4.4689226,6.2832046e-06,71.72731,14.453689,0.20974413
GMM_scale_2.00,0.75,2.425,0.0,0.30600166,4.4084416e-07,71.42044,0.0,4.561997,6.4138785e-06,71.42044,14.908405,0.21640962
GMM_scale_2.00,0.75,2.4499998,0.0,0.30287918,4.3634566e-07,71.11722,0.0,4.6553106,6.544883e-06,71.11722,15.37019,0.22317944
GMM_scale_2.00,0.75,2.475,0.0,0.29981983,4.3193808e-07,70.8175,0.0,4.7488523,6.676208e-06,70.8175,15.83902,0.2300537
GMM_scale_2.00,0.75,2.5,0.0,0.29682156,4.2761863e-07,70.521286,0.0,4.8426194,6.8078507e-06,70.521286,16.314919,0.2370326
GMM_scale_2.00,0.75,2.5249999,0.0,0.2938828,4.23385e-07,70.228546,0.0,4.9365997,6.939794e-06,70.228546,16.797853,0.24411586
GMM_scale_2.00,0.75,2.55,0.0,0.29100153,4.1923408e-07,69.93912,0.0,5.030793,7.0720266e-06,69.93912,17.287859,0.2513037
GMM_scale_2.00,0.75,2.575,0.0,0.28817627,4.1516387e-07,69.65303,0.0,5.125188,7.204549e-06,69.65303,17.784906,0.2585959
GMM_scale_2.00,0.75,2.6,0.0,0.28540537,4.1117175e-07,69.3702,0.0,5.2197824,7.337347e-06,69.3702,18.289013,0.26599246
GMM_scale_2.00,0.75,2.625,0.0,0.28268725,4.07256e-07,69.09056,0.0,5.314567,7.470412e-06,69.09056,18.800165,0.2734935
GMM_scale_2.00,0.75,2.6499999,0.0,0.2800204,4.034139e-07,68.814064,0.0,5.409539,7.6037395e-06,68.814064,19.318377,0.28109902
GMM_scale_2.00,0.75,2.675,0.0,0.27740332,3.9964368e-07,68.54065,0.0,5.504695,7.737324e-06,68.54065,19.84365,0.28880918
GMM_scale_2.00,0.75,2.6999998,0.0,0.2748348,3.959433e-07,68.27028,0.0,5.600025,7.871147e-06,68.27028,20.375967,0.29662335
GMM_scale_2.00,0.75,2.725,0.0,0.27231336,3.9231068e-07,68.00289,0.0,5.695528,8.005217e-06,68.00289,20.915346,0.30454224
GMM_scale_2.00,0.75,2.75,0.0,0.26983783,3.887442e-07,67.73843,0.0,5.7911983,8.139523e-06,67.73843,21.461773,0.3125657
GMM_scale_2.00,0.75,2.775,0.0,0.26740685,3.852421e-07,67.47685,0.0,5.887029,8.274049e-06,67.47685,22.015251,0.32069334
GMM_scale_2.00,0.75,2.8,0.0,0.26501927,3.818024e-07,67.218094,0.0,5.98302,8.408799e-06,67.218094,22.575792,0.32892555
GMM_scale_2.00,0.75,2.825,0.0,0.26267394,3.7842366e-07,66.96214,0.0,6.079164,8.543766e-06,66.96214,23.143385,0.33726218
GMM_scale_2.00,0.75,2.85,0.0,0.2603698,3.7510412e-07,66.70892,0.0,6.175458,8.6789505e-06,66.70892,23.718027,0.34570327
GMM_scale_2.00,0.75,2.875,0.0,0.25810573,3.718424e-07,66.45839,0.0,6.2718983,8.814326e-06,66.45839,24.299725,0.3542488
GMM_scale_2.00,0.75,2.8999999,0.0,0.25588068,3.6863688e-07,66.2105,0.0,6.368481,8.9499035e-06,66.2105,24.88848,0.3628986
GMM_scale_2.00,0.75,2.925,0.0,0.25369367,3.6548613e-07,65.965225,0.0,6.4652014,9.085676e-06,65.965225,25.484283,0.37165332
GMM_scale_2.00,0.75,2.9499998,0.0,0.25154373,3.623888e-07,65.7225,0.0,6.5620565,9.221639e-06,65.7225,26.087141,0.38051194
GMM_scale_2.00,0.75,2.9750001,0.0,0.24942987,3.593435e-07,65.482315,0.0,6.6590443,9.357787e-06,65.482315,26.697062,0.38947538
GMM_scale_2.00,0.75,3.0,0.0,0.2473513,3.5634886e-07,65.24459,0.0,6.7561607,9.494108e-06,65.24459,27.31403,0.39854294
