date,1,2,3,4
2020-04-01,2197,2938,606,312
2020-04-02,2161,3160,924,80
2020-04-03,2051,2777,850,277
2020-04-04,1634,1760,641,85
2020-04-05,867,1303,243,67
2020-04-06,1428,1676,351,116
2020-04-07,1875,2566,482,80
2020-04-08,1788,2694,562,94
2020-04-09,1923,2201,393,139
2020-04-10,1192,1302,490,82
2020-04-11,824,1310,426,146
2020-04-12,533,934,254,74
2020-04-13,580,874,106,23
2020-04-14,938,1164,235,56
2020-04-15,1122,1746,335,31
2020-04-16,1143,1865,233,47
2020-04-17,1133,1376,292,165
2020-04-18,698,931,282,86
2020-04-19,608,664,80,21
2020-04-20,597,896,175,44
2020-04-21,1021,887,222,37
2020-04-22,1164,1079,155,23
2020-04-23,860,919,210,7
2020-04-24,813,837,108,80
2020-04-25,594,495,168,15
2020-04-26,357,256,48,10
2020-04-27,569,415,98,32
2020-04-28,712,579,111,12
2020-04-29,691,623,70,23
2020-04-30,824,436,99,39
2020-05-01,393,306,100,51
2020-05-02,304,255,62,0
2020-05-03,276,131,16,0
2020-05-04,370,299,36,2
2020-05-05,516,420,77,62
2020-05-06,662,454,66,9
2020-05-07,613,491,36,15
2020-05-08,569,245,59,79
2020-05-09,349,223,79,22
2020-05-10,178,125,30,8
2020-05-11,386,213,79,1
2020-05-12,409,369,59,1
2020-05-13,436,393,45,11
2020-05-14,385,358,43,6
2020-05-15,259,297,53,38
2020-05-16,243,126,66,11
2020-05-17,125,99,87,0
2020-05-18,242,262,21,0
2020-05-19,373,289,13,45
2020-05-20,385,279,114,7
2020-05-21,170,206,34,6
2020-05-22,269,207,34,16
2020-05-23,181,83,73,0
2020-05-24,160,55,4,0
2020-05-25,225,136,45,2
2020-05-26,203,379,30,4
2020-05-27,293,278,63,4
2020-05-28,282,186,13,32
2020-05-29,234,130,39,12
2020-05-30,139,161,40,16
2020-05-31,78,84,16,0
2020-06-01,81,52,2,1
2020-06-02,157,119,19,4
2020-06-03,238,217,30,1
2020-06-04,273,214,31,3
2020-06-05,204,152,34,39
2020-06-06,128,81,61,11
2020-06-07,82,70,9,1
2020-06-08,157,104,25,7
2020-06-09,189,210,17,5
2020-06-10,324,108,58,6
2020-06-11,156,100,3,2
2020-06-12,178,94,35,40
2020-06-13,147,75,72,1
2020-06-14,79,81,8,0
2020-06-15,136,104,7,1
2020-06-16,237,222,33,3
2020-06-17,348,387,32,100
2020-06-18,339,192,14,70
2020-06-19,368,174,149,134
2020-06-20,283,124,81,13
2020-06-21,162,61,0,0
2020-06-22,217,213,17,0
2020-06-23,239,243,23,24
2020-06-24,239,199,53,1
2020-06-25,248,297,10,0
2020-06-26,320,119,37,68
2020-06-27,149,108,53,16
2020-06-28,106,76,7,3
2020-06-29,245,122,18,0
2020-06-30,265,151,8,1
2020-07-01,300,138,25,0
2020-07-02,298,143,7,7
2020-07-03,256,87,28,31
2020-07-04,141,88,51,14
2020-07-05,75,63,1,1
2020-07-06,170,125,11,0
2020-07-07,236,134,18,1
2020-07-08,299,131,12,2
2020-07-09,263,140,6,1
2020-07-10,221,112,21,0
2020-07-11,129,81,0,64
2020-07-12,55,0,75,1
2020-07-13,10,303,7,1
2020-07-14,224,199,28,3
2020-07-15,303,208,14,1
2020-07-16,351,171,3,3
2020-07-17,345,50,32,68
2020-07-18,139,159,80,17
2020-07-19,55,98,19,2
2020-07-20,257,124,10,24
2020-07-21,276,177,41,13
2020-07-22,381,259,38,1
2020-07-23,445,209,4,0
2020-07-24,488,138,19,92
2020-07-25,162,232,110,26
2020-07-26,106,81,19,1
2020-07-27,309,168,26,13
2020-07-28,400,279,50,9
2020-07-29,561,303,33,1
2020-07-30,488,318,19,7
2020-07-31,523,181,39,147
2020-08-01,233,197,90,26
2020-08-02,115,164,14,4
2020-08-03,459,232,79,14
2020-08-04,449,399,65,12
2020-08-05,553,395,98,8
2020-08-06,669,398,41,5
2020-08-07,592,227,48,75
2020-08-08,270,223,163,36
2020-08-09,155,131,16,12
2020-08-10,546,432,73,17
2020-08-11,644,456,55,17
2020-08-12,885,486,134,12
2020-08-13,869,488,38,27
2020-08-14,794,281,104,126
2020-08-15,287,254,142,35
2020-08-16,171,273,37,11
2020-08-17,815,616,80,10
2020-08-18,769,625,60,53
2020-08-19,975,617,122,7
2020-08-20,716,790,32,12
2020-08-21,1000,404,128,84
2020-08-22,317,374,126,60
2020-08-23,188,254,93,0
2020-08-24,759,570,0,75
2020-08-25,775,0,660,17
2020-08-26,0,1462,94,11
2020-08-27,798,617,60,14
2020-08-28,735,433,32,117
2020-08-29,262,371,146,42
2020-08-30,181,285,52,8
2020-08-31,630,478,37,21
2020-09-01,660,520,69,41
2020-09-02,697,429,249,17
2020-09-03,247,1143,85,5
2020-09-04,603,600,94,125
2020-09-05,271,560,188,37
2020-09-06,147,388,19,16
2020-09-07,774,511,106,10
2020-09-08,559,706,76,6
2020-09-09,964,628,102,15
2020-09-10,759,704,54,17
2020-09-11,814,522,102,125
2020-09-12,346,568,185,94
2020-09-13,228,411,80,21
2020-09-14,662,688,76,29
2020-09-15,935,817,178,26
2020-09-16,1255,707,165,29
2020-09-17,1023,1083,105,18
2020-09-18,969,744,157,152
2020-09-19,463,533,316,59
2020-09-20,199,394,60,16
2020-09-21,877,644,88,17
2020-09-22,879,783,90,29
2020-09-23,1216,779,122,5
2020-09-24,1267,952,85,19
2020-09-25,1315,556,198,183
2020-09-26,761,523,423,45
2020-09-27,417,395,27,13
2020-09-28,1020,583,135,37
2020-09-29,1066,886,133,28
2020-09-30,1431,1020,162,43
2020-10-01,1459,1058,198,26
2020-10-02,1310,1043,100,296
2020-10-03,961,722,373,82
2020-10-04,522,510,77,9
2020-10-05,1348,722,149,77
2020-10-06,1818,1424,208,49
2020-10-07,2357,1704,223,59
2020-10-08,2474,1741,177,72
2020-10-09,2614,1450,346,385
2020-10-10,1728,921,688,186
2020-10-11,1093,974,146,32
2020-10-12,1948,1789,276,64
2020-10-13,2785,2150,189,103
2020-10-14,4012,2591,330,140
2020-10-15,4365,2763,437,138
2020-10-16,4521,2173,486,484
2020-10-17,2748,1767,934,141
2020-10-18,1867,1608,151,29
2020-10-19,3632,2264,300,115
2020-10-20,4835,3733,581,137
2020-10-21,7021,4254,703,132
2020-10-22,6173,6140,915,211
2020-10-23,7595,4256,533,1040
2020-10-24,5760,3428,1365,274
2020-10-25,4412,2346,519,120
2020-10-26,6482,4283,784,166
2020-10-27,9436,4934,887,277
2020-10-28,10500,6601,1362,202
2020-10-29,10832,6547,1120,368
2020-10-30,10581,5627,1146,1135
2020-10-31,6997,4433,1580,495
2020-11-01,5854,3883,540,157
2020-11-02,8063,5142,966,599
2020-11-03,10118,6894,1289,508
2020-11-04,11461,7039,1700,514
2020-11-05,11825,7959,1271,326
2020-11-06,12494,5774,1489,1012
2020-11-07,8011,5210,1480,813
2020-11-08,6123,3350,461,193
2020-11-09,9017,5505,1035,193
2020-11-10,10781,6967,1380,206
2020-11-11,12837,8028,1138,293
2020-11-12,13544,8246,1100,204
2020-11-13,12583,6184,1152,767
2020-11-14,9097,4551,1389,375
2020-11-15,4781,3419,428,73
2020-11-16,8471,5005,832,191
2020-11-17,11175,7263,1260,319
2020-11-18,14004,7931,1123,283
2020-11-19,13816,8176,983,317
2020-11-20,12933,6038,1084,1505
2020-11-21,8173,4125,1706,521
2020-11-22,5140,2718,671,142
2020-11-23,7450,6309,730,394
2020-11-24,10246,7558,1071,305
2020-11-25,13248,7471,1040,116
2020-11-26,13384,7587,876,232
2020-11-27,12521,4439,1468,1280
2020-11-28,9009,3953,1502,371
2020-11-29,5414,3022,322,23
2020-11-30,7144,5271,641,144
2020-12-01,10913,6895,866,203
2020-12-02,14149,7809,848,162
2020-12-03,14359,8696,729,107
2020-12-04,13394,6935,997,437
2020-12-05,9671,4569,1086,249
2020-12-06,6497,3307,330,22
2020-12-07,9029,6504,497,253
2020-12-08,13225,7786,1220,292
2020-12-09,15082,10945,973,185
2020-12-10,17217,9970,1035,296
2020-12-11,17037,7169,1531,721
2020-12-12,11577,6778,1302,758
2020-12-13,7580,3200,1575,77
2020-12-14,8983,9068,677,178
2020-12-15,15632,9081,1605,182
2020-12-16,16876,12657,1191,199
2020-12-17,18849,11013,1033,179
2020-12-18,18582,8292,997,1082
2020-12-19,13113,6772,1256,289
2020-12-20,8520,4695,428,149
2020-12-21,12105,6648,978,109
2020-12-22,16876,10276,885,115
2020-12-23,20034,10998,921,603
2020-12-24,13290,5133,1455,371
2020-12-25,8224,4158,426,127
2020-12-26,7155,3539,599,121
2020-12-27,6092,3296,230,84
2020-12-28,8104,6252,873,0
2020-12-29,14979,10858,0,1055
2020-12-30,20209,0,9434,324
2020-12-31,0,17712,863,327
2021-01-01,6412,3305,314,80
2021-01-02,5530,3010,1054,222
2021-01-03,5409,2865,408,57
2021-01-04,7139,5555,906,262
2021-01-05,14310,10637,1766,367
2021-01-06,14549,12290,702,112
2021-01-07,17220,7551,411,340
2021-01-08,15814,5722,1326,898
2021-01-09,10512,4945,868,110
2021-01-10,5730,2526,158,16
2021-01-11,7613,5010,628,142
2021-01-12,13659,7727,835,104
2021-01-13,16031,7209,527,350
2021-01-14,13550,6032,815,0
2021-01-15,11720,6588,0,0
2021-01-16,13430,0,0,0
2021-01-17,3077,3371,122,23
2021-01-18,4917,3799,282,97
2021-01-19,11441,6339,516,108
2021-01-20,13560,5212,608,92
2021-01-21,11523,4845,275,47
2021-01-22,10328,3723,386,396
2021-01-23,8030,2878,517,106
2021-01-24,3320,1498,129,67
2021-01-25,3750,2502,497,0
2021-01-26,10081,5438,0,0
2021-01-27,12548,2776,459,33
2021-01-28,9399,3443,450,36
2021-01-29,8043,3760,177,560
2021-01-30,6789,2413,716,32
2021-01-31,2947,1178,55,21
2021-02-01,3539,1832,449,43
2021-02-02,7518,4410,313,61
2021-02-03,9117,3997,244,54
2021-02-04,8397,2817,224,74
2021-02-05,7265,2275,267,134
2021-02-06,6020,1929,286,146
2021-02-07,2245,776,71,0
2021-02-08,2074,1855,187,75
2021-02-09,6104,2730,244,13
2021-02-10,7275,2754,186,19
2021-02-11,6799,2330,138,38
2021-02-12,5836,2176,265,130
2021-02-13,3790,1535,219,42
2021-02-14,2568,1081,67,25
2021-02-15,2512,1456,277,75
2021-02-16,6088,2853,223,23
2021-02-17,7153,2548,212,27
2021-02-18,6225,2764,208,13
2021-02-19,6237,2021,190,213
2021-02-20,5374,1903,430,33
2021-02-21,2205,778,39,0
2021-02-22,2520,1572,215,51
2021-02-23,6531,3349,259,27
2021-02-24,8312,2627,293,28
2021-02-25,7032,2724,103,40
2021-02-26,6689,2337,262,65
2021-02-27,5346,1964,299,18
2021-02-28,2399,969,56,28
2021-03-01,2659,1652,264,58
2021-03-02,7215,3438,220,60
2021-03-03,8054,2894,259,34
2021-03-04,7383,2433,223,21
2021-03-05,6795,2285,286,171
2021-03-06,5521,2191,475,89
2021-03-07,2484,795,56,27
2021-03-08,2873,1414,467,36
2021-03-09,7473,3670,245,57
2021-03-10,10165,3391,332,0
2021-03-11,9137,3571,0,293
2021-03-12,8726,0,3433,204
2021-03-13,0,10055,250,97
2021-03-14,3484,1241,70,0
2021-03-15,3758,2475,0,476
2021-03-16,10796,0,4759,119
2021-03-17,0,17699,439,124
2021-03-18,11704,4287,420,113
2021-03-19,11250,3608,393,194
2021-03-20,9490,2890,538,161
2021-03-21,4273,1500,109,54
2021-03-22,5153,2693,650,256
2021-03-23,12603,5803,628,221
2021-03-24,15953,5690,666,105
2021-03-25,14834,6068,568,207
2021-03-26,13396,5525,470,271
2021-03-27,10981,3853,476,268
2021-03-28,5003,2068,265,150
2021-03-29,6585,3302,653,265
2021-03-30,12940,6328,697,279
2021-03-31,16732,6353,635,130
2021-04-01,14314,5748,904,197
2021-04-02,10994,3903,395,76
2021-04-03,7027,2873,307,196
2021-04-04,4798,1733,330,157
2021-04-05,4525,2133,223,0
2021-04-06,6849,3665,0,603
2021-04-07,16121,0,6485,883
2021-04-08,0,17860,7516,176
2021-04-09,0,21706,857,459
2021-04-10,11220,5811,703,184
2021-04-11,6236,2335,193,69
2021-04-12,7167,3668,793,326
2021-04-13,17417,7953,861,288
2021-04-14,20300,7149,903,137
2021-04-15,17344,6683,684,165
2021-04-16,15767,5901,727,361
2021-04-17,12568,4075,602,271
2021-04-18,6285,2056,338,104
2021-04-19,6347,4825,811,234
2021-04-20,19049,7713,908,215
2021-04-21,20674,7895,702,97
2021-04-22,18401,6139,554,166
2021-04-23,16216,5464,636,452
2021-04-24,12468,4564,631,210
2021-04-25,6396,2031,193,43
2021-04-26,7638,3719,594,198
2021-04-27,17841,6342,818,183
2021-04-28,17442,6899,472,124
2021-04-29,16322,4500,400,109
2021-04-30,13767,4583,362,259
2021-05-01,11169,3247,479,122
2021-05-02,5298,1086,121,88
2021-05-03,5668,2618,602,195
2021-05-04,15088,5303,510,68
2021-05-05,15860,4571,381,29
2021-05-06,13211,3628,256,53
2021-05-07,11564,3307,296,179
2021-05-08,8982,2526,362,101
2021-05-09,4020,1134,80,54
2021-05-10,4333,2398,450,104
2021-05-11,12319,4010,295,99
2021-05-12,12715,3156,313,145
2021-05-13,7682,1727,149,57
2021-05-14,5616,1605,238,83
2021-05-15,6522,1590,258,111
2021-05-16,3433,681,98,59
2021-05-17,3235,1576,349,82
2021-05-18,9380,2721,177,31
2021-05-19,9164,1911,171,54
2021-05-20,6870,1222,241,39
2021-05-21,5750,1625,94,26
2021-05-22,4664,962,77,42
2021-05-23,1518,376,49,30
2021-05-24,1400,295,65,32
2021-05-25,2235,1161,210,53
2021-05-26,5207,1717,185,4
2021-05-27,5356,1378,54,0
2021-05-28,4027,952,84,42
2021-05-29,2882,641,103,50
2021-05-30,1232,274,71,14
2021-05-31,1428,824,140,27
2021-06-01,4010,990,71,28
2021-06-02,3670,710,94,12
2021-06-03,2355,488,90,0
2021-06-04,1696,480,30,27
2021-06-05,1787,399,80,15
2021-06-06,802,272,50,11
2021-06-07,941,568,128,49
2021-06-08,2636,806,74,20
2021-06-09,2290,494,74,4
2021-06-10,1814,395,51,8
2021-06-11,1447,347,44,4
2021-06-12,1079,142,60,19
2021-06-13,351,129,31,2
2021-06-14,556,279,61,15
2021-06-15,1314,337,31,14
2021-06-16,1133,274,35,0
2021-06-17,892,228,28,4
2021-06-18,774,201,9,15
2021-06-19,591,114,32,0
2021-06-20,204,57,7,1
2021-06-21,347,202,46,5
2021-06-22,820,210,22,1
2021-06-23,661,191,46,6
2021-06-24,626,156,17,4
2021-06-25,577,135,12,15
2021-06-26,380,73,24,7
2021-06-27,133,64,9,4
2021-06-28,296,188,20,0
2021-06-29,687,183,15,8
2021-06-30,637,187,23,1
2021-07-01,504,170,10,1
2021-07-02,475,151,8,23
2021-07-03,393,66,31,10
2021-07-04,146,53,4,4
2021-07-05,304,193,25,19
2021-07-06,817,215,20,5
2021-07-07,729,207,22,5
2021-07-08,691,206,31,7
2021-07-09,696,195,12,31
2021-07-10,581,117,76,10
2021-07-11,183,97,17,2
2021-07-12,448,252,58,18
2021-07-13,1291,404,54,4
2021-07-14,1237,299,54,12
2021-07-15,1083,342,36,11
2021-07-16,1193,285,24,66
2021-07-17,957,188,106,13
2021-07-18,322,150,26,0
2021-07-19,890,429,68,17
2021-07-20,1716,483,114,12
2021-07-21,1680,513,37,15
2021-07-22,1665,421,60,22
2021-07-23,1516,377,98,77
2021-07-24,922,449,150,39
2021-07-25,385,202,39,11
2021-07-26,1067,443,115,15
2021-07-27,2205,761,87,20
2021-07-28,2225,527,50,11
2021-07-29,1971,517,73,10
2021-07-30,1808,525,49,82
2021-07-31,1487,286,128,38
2021-08-01,497,208,56,11
2021-08-02,1304,591,125,40
2021-08-03,2846,730,105,44
2021-08-04,2664,740,78,46
2021-08-05,2546,740,139,16
2021-08-06,2352,809,75,175
2021-08-07,2091,378,180,77
2021-08-08,693,354,50,36
2021-08-09,1705,832,226,113
2021-08-10,3987,1106,259,156
2021-08-11,4223,1123,187,46
2021-08-12,4061,1111,112,20
2021-08-13,4121,1183,91,228
2021-08-14,3347,687,383,111
2021-08-15,1319,590,72,28
2021-08-16,2647,1344,243,119
2021-08-17,6681,1764,299,101
2021-08-18,6344,1948,266,92
2021-08-19,6830,1360,203,69
2021-08-20,6230,1570,477,361
2021-08-21,5127,906,542,132
2021-08-22,2163,712,120,43
2021-08-23,4018,1730,406,192
2021-08-24,9461,2449,685,131
2021-08-25,9619,2410,413,99
2021-08-26,8837,2224,223,84
2021-08-27,7467,1948,352,294
2021-08-28,6079,1333,546,222
2021-08-29,2686,680,237,60
2021-08-30,3999,2087,481,318
2021-08-31,10722,2675,643,190
2021-09-01,10310,3536,336,133
2021-09-02,9629,2129,356,96
2021-09-03,7929,2839,254,470
2021-09-04,6830,1389,765,177
2021-09-05,2774,900,147,86
2021-09-06,4114,2017,465,174
2021-09-07,10736,3520,423,212
2021-09-08,10822,2537,368,114
2021-09-09,9410,2178,269,117
2021-09-10,8213,1499,611,454
2021-09-11,5255,2334,653,104
2021-09-12,2275,696,155,61
2021-09-13,4129,1910,410,271
2021-09-14,9855,2610,656,165
2021-09-15,9411,2152,460,92
2021-09-16,7769,1797,340,194
2021-09-17,6324,1542,353,469
2021-09-18,5301,1106,413,160
2021-09-19,2002,581,140,44
2021-09-20,3104,1668,410,148
2021-09-21,8307,2309,491,45
2021-09-22,7858,2222,197,64
2021-09-23,6794,1562,473,25
2021-09-24,5413,2221,213,282
2021-09-25,4949,934,284,82
2021-09-26,1815,640,117,39
2021-09-27,2916,2054,540,123
2021-09-28,9331,2670,420,68
2021-09-29,8543,2235,372,73
2021-09-30,7250,1779,266,82
2021-10-01,6270,1213,221,502
2021-10-02,4493,946,527,129
2021-10-03,1788,582,183,34
2021-10-04,3069,1907,465,129
2021-10-05,9148,2543,358,83
2021-10-06,8453,2181,340,71
2021-10-07,7695,1941,239,39
2021-10-08,6409,1954,202,344
2021-10-09,5281,902,557,195
2021-10-10,1931,493,135,47
2021-10-11,3467,2134,399,126
2021-10-12,9157,2870,381,114
2021-10-13,8913,2543,382,86
2021-10-14,8330,2407,231,59
2021-10-15,7964,1936,410,460
2021-10-16,6326,1194,762,157
2021-10-17,2336,850,164,26
2021-10-18,4531,2554,588,234
2021-10-19,13871,3714,1032,222
2021-10-20,11869,4956,634,194
2021-10-21,12871,3083,580,206
2021-10-22,11059,3778,414,800
2021-10-23,9060,2426,1133,453
2021-10-24,3438,1270,240,154
2021-10-25,6871,3373,1037,333
2021-10-26,18529,6255,947,275
2021-10-27,20200,5445,856,413
2021-10-28,17736,4957,592,216
2021-10-29,15340,4125,994,813
2021-10-30,11538,3144,1283,607
2021-10-31,5207,1379,426,301
2021-11-01,6705,3166,807,488
2021-11-02,15135,6849,1253,556
2021-11-03,25264,8254,1350,186
2021-11-04,26623,7639,982,369
2021-11-05,24090,6231,1272,1060
2021-11-06,15753,5166,2242,275
2021-11-07,8325,2653,524,201
2021-11-08,14996,6350,1774,602
2021-11-09,31115,12191,2177,785
2021-11-10,35557,11205,1990,728
2021-11-11,34274,11172,1588,686
2021-11-12,30771,8793,1938,2135
2021-11-13,21936,6975,2905,1150
2021-11-14,13088,4423,763,605
2021-11-15,21130,8731,2014,623
2021-11-16,39926,15645,2070,2715
2021-11-17,45347,10349,4185,1152
2021-11-18,39407,15499,2659,571
2021-11-19,39437,11444,4102,3135
2021-11-20,25919,8978,4731,1206
2021-11-21,16048,6445,1223,411
2021-11-22,28696,12023,2068,1617
2021-11-23,48837,17673,4874,1508
2021-11-24,52361,17355,3806,985
2021-11-25,50832,15454,2312,1421
2021-11-26,44928,11509,2107,3280
2021-11-27,28833,8760,4825,1270
2021-11-28,16402,7517,953,394
2021-11-29,27887,12418,2050,808
2021-11-30,49401,19240,3220,1080
2021-12-01,49536,20612,2337,800
2021-12-02,48519,16193,1394,612
2021-12-03,44087,12575,1840,1764
2021-12-04,26795,9850,3268,1675
2021-12-05,15035,4873,2520,438
2021-12-06,25004,14225,1961,805
2021-12-07,48262,17464,2361,694
2021-12-08,49170,15450,1499,442
2021-12-09,41420,13930,859,877
2021-12-10,36998,8402,2243,2574
2021-12-11,22198,7352,4207,353
2021-12-12,10682,3938,451,320
2021-12-13,19465,8953,2076,644
2021-12-14,40812,15514,2925,640
2021-12-15,37556,12213,1622,362
2021-12-16,34652,10996,710,250
2021-12-17,29172,8286,1302,1685
2021-12-18,19841,5721,2249,624
2021-12-19,8567,2829,619,146
2021-12-20,16142,8574,1404,341
2021-12-21,34944,11555,1038,180
2021-12-22,31490,7762,885,146
2021-12-23,25908,6250,1012,732
2021-12-24,14717,3346,2557,802
2021-12-25,5563,3241,1171,298
2021-12-26,7010,2624,585,157
2021-12-27,14681,7702,1389,382
2021-12-28,30455,10767,1497,186
2021-12-29,30012,9674,1023,121
2021-12-30,29449,7664,1030,1410
2021-12-31,17373,4346,3687,2326
2022-01-01,6924,4890,1472,478
2022-01-02,8225,4413,1038,471
2022-01-03,20769,11134,2458,787
2022-01-04,44803,14608,2911,1257
2022-01-05,45957,12962,3032,1303
2022-01-06,38784,13249,1198,937
2022-01-07,37927,9837,1890,3356
2022-01-08,23743,7197,3619,1121
2022-01-09,14620,6497,1057,813
2022-01-10,30634,17106,3173,1378
2022-01-11,58482,19461,4855,1627
2022-01-12,55779,25628,2581,725
2022-01-13,58800,18625,2112,465
2022-01-14,53860,15698,1980,3485
2022-01-15,32578,10014,7791,2597
2022-01-16,20260,10003,2282,1353
2022-01-17,49759,22050,4285,2943
2022-01-18,80316,31436,5824,3765
2022-01-19,91985,32393,5361,2290
2022-01-20,95737,32966,3960,2062
2022-01-21,90534,25016,5607,9813
2022-01-22,52178,18662,10349,7085
2022-01-23,33531,16488,5200,2481
2022-01-24,82976,26811,15688,4337
2022-01-25,115898,51493,9071,5264
2022-01-26,124275,41719,9279,3806
2022-01-27,126485,45681,6883,3475
2022-01-28,119754,30310,8917,12280
2022-01-29,71380,19460,16993,7038
2022-01-30,43021,19464,5272,2060
2022-01-31,103535,36919,8041,3707
2022-02-01,147026,57784,12362,3935
2022-02-02,155937,60464,10109,2545
2022-02-03,163670,53409,6260,2506
2022-02-04,142904,37203,8927,9918
2022-02-05,83094,25959,13506,4557
2022-02-06,53987,21047,3686,1575
2022-02-07,117670,44650,6673,3202
2022-02-08,172493,57815,9617,3705
2022-02-09,173417,56278,9493,2392
2022-02-10,165301,47794,5522,2118
2022-02-11,143996,35145,5700,11385
2022-02-12,79664,19866,14366,4067
2022-02-13,46902,18668,4791,1905
2022-02-14,103841,39522,8736,2727
2022-02-15,160045,54151,8105,3636
2022-02-16,162738,49626,8118,2015
2022-02-17,154066,43028,3969,2203
2022-02-18,128820,30863,5199,8159
2022-02-19,79758,21710,10095,2719
2022-02-20,43513,14367,3019,2090
2022-02-21,87858,38780,7597,2212
2022-02-22,155489,45424,10329,1868
2022-02-23,149190,48917,4997,1387
2022-02-24,143720,36522,3579,1504
2022-02-25,127244,26973,5501,6688
2022-02-26,73774,17669,11238,3568
2022-02-27,35371,14270,3481,1332
2022-02-28,81387,35407,7124,2149
2022-03-01,133149,49651,7139,1783
2022-03-02,148992,44907,6567,1505
2022-03-03,151974,46928,4851,1889
2022-03-04,134502,30554,7339,10985
2022-03-05,79178,19449,14934,4933
2022-03-06,48805,21201,5866,1760
2022-03-07,105259,40371,11338,3723
2022-03-08,157746,65305,12905,4033
2022-03-09,180523,56368,13354,2937
2022-03-10,176823,54018,7754,3080
2022-03-11,162283,35796,8782,16924
2022-03-12,98352,22767,16506,9776
2022-03-13,55174,20607,5990,3564
2022-03-14,134518,48707,11543,6301
2022-03-15,185403,67500,16603,6912
2022-03-16,204928,69324,14838,4169
2022-03-17,199940,61211,9822,3442
2022-03-18,171883,31389,9690,19196
2022-03-19,83069,22839,17232,9007
2022-03-20,53374,19917,6055,4328
2022-03-21,151029,52168,15890,7222
2022-03-22,197134,72351,14075,7511
2022-03-23,213771,64252,11280,2554
2022-03-24,201229,57259,4422,2168
2022-03-25,167926,30936,5333,21712
2022-03-26,70309,20547,31464,6017
2022-03-27,36212,23850,3939,2715
2022-03-28,139207,45757,10768,4868
2022-03-29,191260,60162,12794,3216
2022-03-30,186192,57968,7234,1176
2022-03-31,169167,50181,1914,1394
2022-04-01,130228,20213,2968,21338
2022-04-02,48647,11361,27400,3034
2022-04-03,23655,17960,2860,573
2022-04-04,102272,43000,5298,1700
2022-04-05,155537,48170,3766,687
2022-04-06,141904,39389,3856,343
2022-04-07,124778,36937,1862,379
2022-04-08,103895,15645,2656,16278
2022-04-09,36656,9171,25801,1793
2022-04-10,18264,19021,3014,656
2022-04-11,94887,36418,4698,1529
2022-04-12,130117,43186,5399,713
2022-04-13,112828,38511,1323,598
2022-04-14,108136,12654,3801,491
2022-04-15,22129,11195,1232,1223
2022-04-16,23488,6218,1786,15514
2022-04-17,12233,4047,13487,2637
2022-04-18,13874,16640,3694,630
2022-04-19,107510,41422,4966,1579
2022-04-20,127393,43706,4866,247
2022-04-21,108133,40042,1027,577
2022-04-22,85042,10818,2170,16696
2022-04-23,25636,6073,18555,2322
2022-04-24,10578,12904,1848,495
2022-04-25,80909,29546,4981,1089
2022-04-26,101174,32337,3267,1099
2022-04-27,87405,23464,2956,204
2022-04-28,68849,22168,687,107
2022-04-29,56292,3341,422,15845
2022-04-30,7097,1424,22601,1624
2022-05-01,1919,11217,1265,457
2022-05-02,58403,22624,2985,1041
2022-05-03,78189,24639,2540,297
2022-05-04,65382,20856,1974,90
2022-05-05,57257,19545,505,62
2022-05-06,47610,2547,313,14459
2022-05-07,5190,1111,18429,1096
2022-05-08,1510,9821,914,480
2022-05-09,59612,19961,3616,881
2022-05-10,69020,22565,2252,534
2022-05-11,57547,16535,2026,111
2022-05-12,45748,16252,393,78
2022-05-13,40440,2610,277,12163
2022-05-14,2908,852,15163,582
2022-05-15,663,7360,901,203
2022-05-16,45639,16636,2174,696
2022-05-17,50374,14982,1901,467
2022-05-18,38802,12471,1666,39
2022-05-19,31439,10059,354,24
2022-05-20,27404,1475,50,9983
2022-05-21,1755,212,10828,569
2022-05-22,518,5321,563,198
2022-05-23,32460,11994,1591,14
2022-05-24,32743,11675,66,1590
2022-05-25,23901,401,8340,86
2022-05-26,1020,5622,36,13
2022-05-27,21824,733,23,8724
2022-05-28,1716,289,7788,577
2022-05-29,392,4757,916,219
2022-05-30,32228,11638,2125,401
2022-05-31,36367,12766,1489,449
2022-06-01,31597,10915,1511,0
2022-06-02,28481,11479,0,122
2022-06-03,26291,0,781,267
2022-06-04,0,1844,222,9564
2022-06-05,379,337,5302,666
2022-06-06,840,6434,1215,454
2022-06-07,48719,17236,3314,960
2022-06-08,55799,22133,2709,0
2022-06-09,50313,17353,0,102
2022-06-10,42911,0,1490,18094
2022-06-11,0,2570,14565,1778
2022-06-12,1181,8303,1742,503
2022-06-13,60696,20826,3599,541
2022-06-14,64479,24817,1439,1606
2022-06-15,58187,8633,12163,0
2022-06-16,16684,15831,0,129
2022-06-17,48888,0,1754,22163
2022-06-18,2,3619,15065,2668
2022-06-19,1337,8255,1771,740
2022-06-20,70775,26009,5589,1984
2022-06-21,83801,31881,6555,1304
2022-06-22,78481,28200,4605,0
2022-06-23,69726,24463,0,0
2022-06-24,57626,0,318,23434
2022-06-25,1,478,21523,2954
2022-06-26,1,10443,2582,798
2022-06-27,79290,28727,5234,1565
2022-06-28,93587,35506,4786,1886
2022-06-29,87853,28477,4521,0
2022-06-30,76453,26860,0,304
2022-07-01,63271,0,1674,25382
2022-07-02,1,114,19683,1958
2022-07-03,0,10235,1735,574
2022-07-04,85181,27510,4569,1548
2022-07-05,94083,33647,5070,1153
2022-07-06,92533,28441,3693,0
2022-07-07,79461,25235,0,738
2022-07-08,64131,0,2613,24649
2022-07-09,0,0,20854,1307
2022-07-10,1,11589,1168,593
2022-07-11,90844,28921,7752,1602
2022-07-12,91240,45650,4092,2047
2022-07-13,94318,31945,5626,0
2022-07-14,70586,39751,0,0
2022-07-15,74054,0,0,29130
2022-07-16,0,0,21989,1962
2022-07-17,0,10180,1594,605
2022-07-18,93012,33365,5332,989
2022-07-19,98946,37583,4238,681
2022-07-20,87332,28647,3450,0
2022-07-21,72333,25655,0,0
2022-07-22,60993,0,0,24216
2022-07-23,2,0,19752,1495
2022-07-24,0,9552,1399,466
2022-07-25,86645,27119,3417,1996
2022-07-26,85029,28058,3138,1010
2022-07-27,70452,22205,2222,0
2022-07-28,54518,17561,0,168
2022-07-29,43585,0,669,15740
2022-07-30,2,3,13919,1123
2022-07-31,0,6422,1007,237
2022-08-01,60994,19413,2559,553
2022-08-02,62445,19635,1488,254
2022-08-03,50621,16032,1473,0
2022-08-04,40805,13147,0,0
2022-08-05,34196,0,8,12391
2022-08-06,0,0,11799,1131
2022-08-07,0,5676,967,198
2022-08-08,44963,18006,1921,600
2022-08-09,49862,15511,1518,391
2022-08-10,40310,13612,1384,0
2022-08-11,32897,12498,0,0
2022-08-12,30539,0,0,10691
2022-08-13,0,0,8995,1706
2022-08-14,0,4876,1183,229
2022-08-15,35721,16024,2134,297
2022-08-16,45007,16214,1386,191
2022-08-17,38477,12302,887,0
2022-08-18,31683,10000,0,2
2022-08-19,24310,0,46,10171
2022-08-20,0,0,8736,476
2022-08-21,0,4227,488,208
2022-08-22,34912,13136,1607,412
2022-08-23,37027,13364,1128,155
2022-08-24,32783,9934,1045,0
2022-08-25,24876,9660,0,0
2022-08-26,21723,0,0,9549
2022-08-27,1,0,7300,474
2022-08-28,1,4082,519,124
2022-08-29,31811,12107,1444,468
2022-08-30,34467,10635,2053,203
2022-08-31,26289,9339,916,0
2022-09-01,21291,8010,0,0
2022-09-02,19799,0,0,7935
2022-09-03,0,0,7132,527
2022-09-04,0,3380,473,100
2022-09-05,29627,11266,1430,329
2022-09-06,32790,11366,999,397
2022-09-07,28580,9167,1118,0
2022-09-08,24799,7461,0,0
2022-09-09,20409,0,0,9157
2022-09-10,0,0,6981,369
2022-09-11,0,3633,498,102
2022-09-12,32610,12067,1716,279
2022-09-13,37431,12414,1143,307
2022-09-14,31601,9640,1179,0
2022-09-15,26948,11029,0,0
2022-09-16,23808,0,0,10195
2022-09-17,1,0,7187,586
2022-09-18,0,3907,628,178
2022-09-19,37315,14245,2396,467
2022-09-20,39787,16261,1428,412
2022-09-21,37420,14230,1203,0
2022-09-22,34250,12821,0,0
2022-09-23,32014,0,0,14169
2022-09-24,0,0,12149,932
2022-09-25,0,6490,1104,260
2022-09-26,53961,22935,2313,1218
2022-09-27,68585,21846,8417,525
2022-09-28,53527,34697,2887,0
2022-09-29,50978,22729,0,0
2022-09-30,47077,0,0,0
2022-10-01,0,0,0,15839
2022-10-02,0,0,7852,1732
2022-10-03,0,9157,2680,1785
2022-10-04,75164,33074,15001,1876
2022-10-05,87249,53659,5221,0
2022-10-06,98600,34925,0,0
2022-10-07,79105,0,0,29625
2022-10-08,0,0,21655,3098
2022-10-09,0,12764,2430,837
2022-10-10,98662,33696,7707,2324
2022-10-11,90756,43787,4699,1827
2022-10-12,89215,28385,3762,0
2022-10-13,76981,22907,0,0
2022-10-14,61194,0,0,25522
2022-10-15,2,0,18151,2334
2022-10-16,0,9775,2052,659
2022-10-17,88569,29609,5251,1769
2022-10-18,90533,30155,5201,1209
2022-10-19,77198,23522,4132,0
2022-10-20,60480,20262,0,0
2022-10-21,47655,0,0,20544
2022-10-22,1,0,15258,1025
2022-10-23,0,8662,1069,306
2022-10-24,65208,22860,2946,641
2022-10-25,65875,21902,2078,579
2022-10-26,51217,16321,1267,0
2022-10-27,40697,13403,0,0
2022-10-28,31187,0,0,7907
2022-10-29,0,0,6931,1947
2022-10-30,1,3956,2144,1315
2022-10-31,27823,3323,9233,817
2022-11-01,18072,18214,1023,207
2022-11-02,45666,17225,1075,0
2022-11-03,36694,10512,0,0
2022-11-04,26543,0,0,10284
2022-11-05,0,0,7742,322
2022-11-06,0,4157,315,90
2022-11-07,36579,11871,1064,229
2022-11-08,33919,10066,896,519
2022-11-09,26339,9071,1117,0
2022-11-10,22562,7168,0,0
2022-11-11,18497,0,0,8191
2022-11-12,1,0,5643,272
2022-11-13,0,3858,327,72
2022-11-14,27408,9869,905,284
2022-11-15,27226,9078,1041,225
2022-11-16,23078,6346,518,0
2022-11-17,19030,6799,0,0
2022-11-18,17637,0,0,7250
2022-11-19,0,0,5570,233
2022-11-20,0,3002,293,110
2022-11-21,24848,8560,2359,215
2022-11-22,23511,12654,1061,336
2022-11-23,22348,8322,678,0
2022-11-24,20204,6376,0,0
2022-11-25,16852,0,0,8700
2022-11-26,0,0,5815,433
2022-11-27,1,3227,277,64
2022-11-28,27403,10320,931,273
2022-11-29,31244,9855,827,130
2022-11-30,24885,8409,922,0
2022-12-01,20577,7404,0,0
2022-12-02,19137,0,0,7521
2022-12-03,0,0,5808,581
2022-12-04,0,3346,415,94
2022-12-05,28249,9665,935,245
2022-12-06,33572,10834,860,185
2022-12-07,27687,8823,816,0
2022-12-08,24256,7853,0,0
2022-12-09,21356,0,0,8069
2022-12-10,0,0,7680,497
2022-12-11,0,3645,381,97
2022-12-12,33115,11135,1042,334
2022-12-13,35497,11650,1020,246
2022-12-14,31575,11403,873,0
2022-12-15,26927,9556,0,0
2022-12-16,22382,0,0,8710
2022-12-17,0,0,7483,524
2022-12-18,1,4079,451,73
2022-12-19,32899,13070,1338,286
2022-12-20,35993,12897,901,374
2022-12-21,32855,11095,550,0
2022-12-22,28841,9465,0,0
2022-12-23,23338,0,0,0
2022-12-24,14,0,0,6851
2022-12-25,15,0,3398,359
2022-12-26,12,3716,458,173
2022-12-27,34533,9496,1286,233
2022-12-28,29119,9001,794,0
2022-12-29,21379,6950,0,0
2022-12-30,15608,0,0,6073
2022-12-31,1,0,3923,459
2023-01-01,1,1896,372,191
2023-01-02,25234,8409,899,137
2023-01-03,25148,7222,527,71
2023-01-04,18758,5216,395,0
2023-01-05,14138,3951,0,0
2023-01-06,8366,0,0,3886
2023-01-07,0,0,2836,101
2023-01-08,0,1510,107,47
2023-01-09,19667,5237,484,163
2023-01-10,15860,5454,389,70
2023-01-11,12524,3426,250,0
2023-01-12,8403,3089,0,0
2023-01-13,6836,0,0,2625
2023-01-14,0,0,2132,101
2023-01-15,0,1156,120,12
2023-01-16,10613,4264,288,72
2023-01-17,10573,3511,180,64
2023-01-18,8116,2761,219,0
2023-01-19,6875,2522,0,0
2023-01-20,6045,0,0,2398
2023-01-21,0,0,1897,104
2023-01-22,0,1110,102,42
2023-01-23,10293,4066,392,120
2023-01-24,12266,3544,498,73
2023-01-25,9769,3508,402,0
2023-01-26,8944,3253,0,0
2023-01-27,7382,0,0,3247
2023-01-28,0,0,2006,218
2023-01-29,0,1321,195,37
2023-01-30,12226,5180,496,133
2023-01-31,15018,4644,321,103
2023-02-01,11669,3563,444,0
2023-02-02,9408,3231,0,0
2023-02-03,8529,0,0,3210
2023-02-04,0,0,1956,250
2023-02-05,0,1139,199,106
2023-02-06,12749,4959,779,95
2023-02-07,13569,5387,438,65
2023-02-08,11120,4351,455,0
2023-02-09,9624,3696,0,0
2023-02-10,9359,0,0,3484
2023-02-11,0,0,2279,227
2023-02-12,0,1453,168,39
2023-02-13,13940,5875,845,156
2023-02-14,13867,6558,753,138
2023-02-15,13388,4601,506,0
2023-02-16,10458,5387,0,0
2023-02-17,9622,0,0,2361
2023-02-18,0,0,1330,1354
2023-02-19,0,859,859,116
2023-02-20,10525,6680,942,187
2023-02-21,14587,7366,639,181
2023-02-22,15754,5868,886,0
2023-02-23,13952,6832,0,0
2023-02-24,12717,0,0,5914
2023-02-25,0,0,3776,141
2023-02-26,0,1742,190,66
2023-02-27,18978,5962,1110,278
2023-02-28,16800,6005,1025,113
2023-03-01,13156,3308,378,0
2023-03-02,6945,2022,0,0
2023-03-03,5259,0,0,1776
2023-03-04,0,0,977,108
2023-03-05,1,579,80,12
2023-03-06,6799,2516,330,72
2023-03-07,6783,2721,305,113
2023-03-08,6109,1762,295,0
2023-03-09,5306,1858,0,0
2023-03-10,4511,0,0,1839
2023-03-11,0,0,1084,55
2023-03-12,0,563,50,20
2023-03-13,6991,2566,129,44
2023-03-14,6712,2085,308,37
2023-03-15,5339,2048,158,0
2023-03-16,4643,1578,0,0
2023-03-17,3748,0,0,1535
2023-03-18,0,0,989,102
2023-03-19,0,512,52,81
2023-03-20,6441,1801,340,16
2023-03-21,4909,2053,151,24
2023-03-22,4442,1485,165,0
2023-03-23,3664,1260,0,0
2023-03-24,2850,0,0,1220
2023-03-25,0,0,546,73
2023-03-26,0,452,45,5
2023-03-27,4884,1230,230,20
2023-03-28,3549,1219,90,12
2023-03-29,3025,970,74,0
2023-03-30,2545,839,0,0
2023-03-31,2056,0,0,698
2023-04-01,0,0,476,37
2023-04-02,0,288,42,12
2023-04-03,3454,944,129,19
2023-04-04,2658,963,70,0
2023-04-05,2094,694,0,0
2023-04-06,1684,0,0,0
2023-04-07,0,0,0,0
2023-04-08,0,0,0,263
2023-04-09,0,0,213,42
2023-04-10,0,212,44,11
2023-04-11,3663,942,69,12
2023-04-12,2068,685,43,0
2023-04-13,1901,626,0,0
2023-04-14,1381,0,0,453
2023-04-15,0,0,258,48
2023-04-16,0,158,42,6
2023-04-17,2215,730,106,14
2023-04-18,1698,720,120,16
2023-04-19,1367,587,56,0
2023-04-20,1185,516,0,0
2023-04-21,989,0,0,367
2023-04-22,0,0,162,78
2023-04-23,0,117,63,4
2023-04-24,1748,658,82,22
2023-04-25,1351,564,128,7
2023-04-26,1083,511,73,0
2023-04-27,988,364,0,0
2023-04-28,763,0,0,0
2023-04-29,0,0,0,178
2023-04-30,0,0,117,24
2023-05-01,0,136,34,6
2023-05-02,1658,727,77,22
2023-05-03,1072,511,93,0
2023-05-04,919,492,0,0
2023-05-05,801,0,0,338
2023-05-06,0,0,128,29
2023-05-07,0,86,23,2
2023-05-08,1372,383,104,11
2023-05-09,903,501,76,9
2023-05-10,714,382,53,0
2023-05-11,705,300,0,0
2023-05-12,584,0,0,180
2023-05-13,0,0,87,52
2023-05-14,0,65,22,2
2023-05-15,879,432,62,0
2023-05-16,619,377,0,25
2023-05-17,591,0,272,0
2023-05-18,0,64,0,0
2023-05-19,447,0,0,164
2023-05-20,0,0,80,36
2023-05-21,0,56,17,1
2023-05-22,858,377,46,0
2023-05-23,619,267,26,11
2023-05-24,418,300,37,0
2023-05-25,366,207,0,0
2023-05-26,314,0,0,0
2023-05-27,0,0,0,45
2023-05-28,0,0,28,8
2023-05-29,0,43,15,1
2023-05-30,635,266,41,11
2023-05-31,378,235,37,0
2023-06-01,325,201,0,0
2023-06-02,281,0,0,107
2023-06-03,0,0,31,13
2023-06-04,0,24,6,0
2023-06-05,465,230,39,2
2023-06-06,250,177,22,32
2023-06-07,218,100,105,0
2023-06-08,84,71,0,0
2023-06-09,261,0,0,97
2023-06-10,0,0,25,8
2023-06-11,0,28,8,5
2023-06-12,365,182,43,8
2023-06-13,289,130,22,4
2023-06-14,186,138,22,0
2023-06-15,187,103,0,0
2023-06-16,137,0,0,80
2023-06-17,0,0,15,5
2023-06-18,0,9,5,1
2023-06-19,295,140,22,8
2023-06-20,175,107,18,4
2023-06-21,163,79,3,0
2023-06-22,136,90,0,0
2023-06-23,116,0,0,45
2023-06-24,0,0,13,6
2023-06-25,0,11,7,0
2023-06-26,198,58,22,2
2023-06-27,104,94,9,2
2023-06-28,143,64,12,0
2023-06-29,102,60,0,0
2023-06-30,115,0,0,49
2023-07-01,0,0,13,5
2023-07-02,0,6,2,0
2023-07-03,174,72,12,5
2023-07-04,125,49,32,6
2023-07-05,106,64,17,0
2023-07-06,96,56,0,0
2023-07-07,91,0,0,39
2023-07-08,0,0,10,6
2023-07-09,0,4,3,0
2023-07-10,189,80,20,6
2023-07-11,134,82,25,3
2023-07-12,133,61,16,0
2023-07-13,134,68,0,0
2023-07-14,113,0,0,73
2023-07-15,0,0,18,5
2023-07-16,0,7,1,2
2023-07-17,180,109,14,6
2023-07-18,129,61,16,2
2023-07-19,137,83,17,0
2023-07-20,126,66,0,0
2023-07-21,116,0,0,55
2023-07-22,0,0,15,11
2023-07-23,0,12,3,1
2023-07-24,238,84,49,7
2023-07-25,157,128,28,6
2023-07-26,161,134,32,0
2023-07-27,246,125,0,0
2023-07-28,150,0,0,78
2023-07-29,0,0,21,11
2023-07-30,0,18,12,1
2023-07-31,311,139,21,10
2023-08-01,250,142,28,3
2023-08-02,208,128,41,0
2023-08-03,177,107,0,0
2023-08-04,174,0,0,105
2023-08-05,0,0,27,16
2023-08-06,0,25,11,2
2023-08-07,324,185,46,6
2023-08-08,266,160,56,16
2023-08-09,243,137,42,0
2023-08-10,256,210,0,0
2023-08-11,256,0,0,102
2023-08-12,0,0,43,24
2023-08-13,0,30,10,2
2023-08-14,575,263,75,14
2023-08-15,346,310,49,25
2023-08-16,448,258,68,0
2023-08-17,451,283,0,0
2023-08-18,361,0,0,256
2023-08-19,0,0,61,28
2023-08-20,0,29,18,3
2023-08-21,658,398,72,0
2023-08-22,547,393,0,0
2023-08-23,414,0,0,0
2023-08-24,0,0,0,0
2023-08-25,0,0,0,655
2023-08-26,0,0,76,51
2023-08-27,0,20,18,4
2023-08-28,807,375,78,17
2023-08-29,540,396,94,25
2023-08-30,541,370,84,0
2023-08-31,495,383,0,0
2023-09-01,472,0,0,219
2023-09-02,0,0,63,36
2023-09-03,0,39,35,4
2023-09-04,858,471,72,15
2023-09-05,797,571,108,37
2023-09-06,730,428,97,0
2023-09-07,749,506,0,0
2023-09-08,681,0,0,345
2023-09-09,0,0,77,56
2023-09-10,0,54,22,5
2023-09-11,1211,637,146,40
2023-09-12,844,717,98,41
2023-09-13,989,437,114,0
2023-09-14,769,454,0,0
2023-09-15,710,0,0,249
2023-09-16,0,0,119,60
2023-09-17,0,48,21,4
2023-09-18,1181,767,100,27
2023-09-19,865,620,117,35
2023-09-20,845,599,98,0
2023-09-21,903,487,0,0
2023-09-22,710,0,0,275
2023-09-23,0,0,89,52
2023-09-24,0,44,21,3
2023-09-25,1274,671,88,18
2023-09-26,1025,583,112,26
2023-09-27,961,454,120,0
2023-09-28,938,563,0,0
2023-09-29,854,0,0,408
2023-09-30,0,0,151,0
2023-10-01,0,59,0,0
2023-10-02,1259,0,0,965
2023-10-03,0,0,209,7
2023-10-04,0,2435,104,0
2023-10-05,1347,866,0,0
2023-10-06,1327,0,0,545
2023-10-07,0,0,159,53
2023-10-08,0,98,38,5
2023-10-09,2054,809,180,45
2023-10-10,1483,860,171,NA
2023-10-11,1350,708,NA,NA
2023-10-12,1149,NA,NA,NA
